timestamp,employee_id,department,daily_ot_hours,pto_hours_taken,unplanned_absence,slack_msg_count,pulse_sentiment_score,burnout_risk_score
2026-07-15 00:00:00,EMP-1001,Finance,0,0,0,92,7.1,19
2026-07-15 00:00:00,EMP-1002,Engineering,2.7,0,0,121,6.6,42
2026-07-15 00:00:00,EMP-1003,Product,0.5,0,0,74,6.2,23
2026-07-15 00:00:00,EMP-1004,Sales,0.4,0,0,84,7.2,18
2026-07-15 00:00:00,EMP-1005,Customer Success,0.8,0,0,108,7.1,24
2026-07-15 00:00:00,EMP-1006,HR,0,0,0,75,7.3,11
2026-07-15 00:00:00,EMP-1007,Finance,0,0,0,112,10,10
2026-07-15 00:00:00,EMP-1008,Engineering,2.9,0,0,115,8.2,38
2026-07-15 00:00:00,EMP-1009,Product,1.4,0,0,89,6.7,26
2026-07-15 00:00:00,EMP-1010,Sales,0.1,0,0,96,6.9,22
2026-07-15 00:00:00,EMP-1011,Customer Success,0,0,0,50,7.6,11
2026-07-15 00:00:00,EMP-1012,HR,0,0,0,79,6.1,26
2026-07-15 00:00:00,EMP-1013,Finance,0.3,0,0,114,6.5,25
2026-07-15 00:00:00,EMP-1014,Engineering,0.6,0,0,80,7.6,16
2026-07-15 00:00:00,EMP-1015,Product,0.9,0,0,68,7.2,24
2026-07-15 00:00:00,EMP-1016,Sales,2.3,0,0,69,7.2,32
2026-07-15 00:00:00,EMP-1017,Customer Success,0,0,0,111,7.9,13
2026-07-15 00:00:00,EMP-1018,HR,0.5,0,0,49,7,23
2026-07-15 00:00:00,EMP-1019,Finance,1.1,0,0,113,7.1,24
2026-07-15 00:00:00,EMP-1020,Engineering,1.9,0,0,154,7,36
2026-07-15 00:00:00,EMP-1021,Product,0.2,0,0,75,8.3,14
2026-07-15 00:00:00,EMP-1022,Sales,0.1,0,0,88,5.3,28
2026-07-15 00:00:00,EMP-1023,Customer Success,0.4,0,0,64,6.2,27
2026-07-15 00:00:00,EMP-1024,HR,0,0,0,91,6.7,17
2026-07-15 00:00:00,EMP-1025,Finance,1.8,0,0,110,6.3,31
2026-07-15 00:00:00,EMP-1026,Engineering,1.4,0,0,128,9.2,20
2026-07-15 00:00:00,EMP-1027,Product,0,0,1,0,8.2,25
2026-07-15 00:00:00,EMP-1028,Sales,1.4,0,0,120,5.1,40
2026-07-15 00:00:00,EMP-1029,Customer Success,2.1,0,0,98,6.8,33
2026-07-15 00:00:00,EMP-1030,HR,0,0,0,46,6.9,19
2026-07-15 00:00:00,EMP-1031,Finance,0,0,0,123,5.9,25
2026-07-15 00:00:00,EMP-1032,Engineering,1.1,0,0,94,7.7,26
2026-07-15 00:00:00,EMP-1033,Product,0,8,0,0,6.9,19
2026-07-15 00:00:00,EMP-1034,Sales,1.1,0,0,117,5.8,31
2026-07-15 00:00:00,EMP-1035,Customer Success,2.6,0,0,79,7.6,32
2026-07-15 00:00:00,EMP-1036,HR,1.8,0,0,60,5.5,37
2026-07-15 00:00:00,EMP-1037,Finance,0,0,0,101,5.6,25
2026-07-15 00:00:00,EMP-1038,Engineering,2.4,0,0,153,5.9,40
2026-07-15 00:00:00,EMP-1039,Product,0,0,0,88,5.2,28
2026-07-15 00:00:00,EMP-1040,Sales,0,8,0,0,5.9,26
2026-07-15 00:00:00,EMP-1041,Customer Success,1.5,0,0,121,6.5,32
2026-07-15 00:00:00,EMP-1042,HR,3.8,0,0,154,6.8,44
2026-07-15 00:00:00,EMP-1043,Finance,0.5,0,0,89,7.5,22
2026-07-15 00:00:00,EMP-1044,Engineering,0,0,1,0,6.4,40
2026-07-15 00:00:00,EMP-1045,Product,0,0,0,70,6.7,15
2026-07-15 00:00:00,EMP-1046,Sales,0,0,0,89,7.3,18
2026-07-15 00:00:00,EMP-1047,Customer Success,2.3,0,0,57,5.2,51
2026-07-15 00:00:00,EMP-1048,HR,0,0,0,106,8.1,11
2026-07-15 00:00:00,EMP-1049,Finance,1.6,0,0,69,7.2,33
2026-07-15 00:00:00,EMP-1050,Engineering,1.8,0,0,90,7.4,32
2026-07-15 00:00:00,EMP-1051,Product,0.8,0,0,89,5.4,30
2026-07-15 00:00:00,EMP-1052,Sales,0,0,0,54,8.2,14
2026-07-15 00:00:00,EMP-1053,Customer Success,2.3,0,0,44,6.2,40
2026-07-15 00:00:00,EMP-1054,HR,1.8,0,0,67,7.6,27
2026-07-15 00:00:00,EMP-1055,Finance,0,0,0,95,8.8,10
2026-07-15 00:00:00,EMP-1056,Engineering,0.6,0,0,120,7.3,18
2026-07-15 00:00:00,EMP-1057,Product,0,0,0,43,5.9,28
2026-07-15 00:00:00,EMP-1058,Sales,2.5,0,0,46,6.4,41
2026-07-15 00:00:00,EMP-1059,Customer Success,0,0,0,107,9.3,10
2026-07-15 00:00:00,EMP-1060,HR,1.7,0,0,55,7.1,31
2026-07-15 00:00:00,EMP-1061,Finance,0.2,0,0,131,6.8,21
2026-07-15 00:00:00,EMP-1062,Engineering,0.4,0,0,172,6.2,29
2026-07-15 00:00:00,EMP-1063,Product,0,0,0,88,8.5,13
2026-07-15 00:00:00,EMP-1064,Sales,0,0,0,133,7.3,18
2026-07-15 00:00:00,EMP-1065,Customer Success,2.9,0,0,98,7.7,32
2026-07-15 00:00:00,EMP-1066,HR,2.7,0,0,102,6.9,37
2026-07-15 00:00:00,EMP-1067,Finance,0,0,0,99,5.7,21
2026-07-15 00:00:00,EMP-1068,Engineering,0.7,0,0,81,8.1,21
2026-07-15 00:00:00,EMP-1069,Product,0,0,0,106,7.2,18
2026-07-15 00:00:00,EMP-1070,Sales,0,0,0,69,7.9,16
2026-07-15 00:00:00,EMP-1071,Customer Success,3.7,0,0,127,6.1,48
2026-07-15 00:00:00,EMP-1072,HR,1,0,0,98,6.6,27
2026-07-15 00:00:00,EMP-1073,Finance,1.9,0,0,106,6,34
2026-07-15 00:00:00,EMP-1074,Engineering,0,0,0,106,7.9,10
2026-07-15 00:00:00,EMP-1075,Product,0.2,0,0,69,9.1,10
2026-07-15 00:00:00,EMP-1076,Sales,1.8,0,0,113,9.4,17
2026-07-15 00:00:00,EMP-1077,Customer Success,2.2,0,0,100,6.8,37
2026-07-15 00:00:00,EMP-1078,HR,0,0,1,0,5.7,42
2026-07-15 00:00:00,EMP-1079,Finance,0,0,0,76,7.3,11
2026-07-15 00:00:00,EMP-1080,Engineering,0.8,0,0,126,6.2,33
2026-07-15 00:00:00,EMP-1081,Product,0,0,0,86,8.1,11
2026-07-15 00:00:00,EMP-1082,Sales,0.8,0,0,68,8.4,12
2026-07-15 00:00:00,EMP-1083,Customer Success,0,0,0,124,6.4,25
2026-07-15 00:00:00,EMP-1084,HR,0.5,0,0,101,7.4,20
2026-07-15 00:00:00,EMP-1085,Finance,1.1,0,0,87,5.1,40
2026-07-15 00:00:00,EMP-1086,Engineering,0.5,0,0,153,6.5,24
2026-07-15 00:00:00,EMP-1087,Product,1.5,0,0,58,6,31
2026-07-15 00:00:00,EMP-1088,Sales,0,0,0,106,7,21
2026-07-15 00:00:00,EMP-1089,Customer Success,0.4,0,0,79,5.6,27
2026-07-15 00:00:00,EMP-1090,HR,0,0,0,110,4.6,31
2026-07-15 00:00:00,EMP-1091,Finance,0,8,0,0,7.2,11
2026-07-15 00:00:00,EMP-1092,Engineering,3.8,0,0,82,7.6,41
2026-07-15 00:00:00,EMP-1093,Product,0,0,0,130,8.2,10
2026-07-15 00:00:00,EMP-1094,Sales,0,0,0,69,8.5,10
2026-07-15 00:00:00,EMP-1095,Customer Success,0,0,0,62,6.7,19
2026-07-15 00:00:00,EMP-1096,HR,0.4,0,0,125,7.1,17
2026-07-15 00:00:00,EMP-1097,Finance,0,0,0,100,5.5,24
2026-07-15 00:00:00,EMP-1098,Engineering,1.3,0,0,128,6.5,33
2026-07-15 00:00:00,EMP-1099,Product,0,0,0,77,7.1,17
2026-07-15 00:00:00,EMP-1100,Sales,3,0,0,108,6.1,46
2026-07-16 00:00:00,EMP-1001,Finance,1,0,0,118,3.7,44
2026-07-16 00:00:00,EMP-1002,Engineering,0.7,0,0,95,7.6,20
2026-07-16 00:00:00,EMP-1003,Product,0.6,0,0,91,7.8,15
2026-07-16 00:00:00,EMP-1004,Sales,3,0,0,90,4.2,60
2026-07-16 00:00:00,EMP-1005,Customer Success,1.8,0,0,37,8,30
2026-07-16 00:00:00,EMP-1006,HR,1.3,0,0,42,6.7,32
2026-07-16 00:00:00,EMP-1007,Finance,0,0,0,115,7.3,13
2026-07-16 00:00:00,EMP-1008,Engineering,0,0,0,178,5.5,27
2026-07-16 00:00:00,EMP-1009,Product,1.2,0,0,62,8,17
2026-07-16 00:00:00,EMP-1010,Sales,0.2,0,0,100,6.2,20
2026-07-16 00:00:00,EMP-1011,Customer Success,1.4,0,0,59,6.1,38
2026-07-16 00:00:00,EMP-1012,HR,0,0,0,67,7.1,12
2026-07-16 00:00:00,EMP-1013,Finance,1.2,0,0,103,6.2,34
2026-07-16 00:00:00,EMP-1014,Engineering,0.8,0,0,82,8.4,18
2026-07-16 00:00:00,EMP-1015,Product,1,0,0,65,7.4,19
2026-07-16 00:00:00,EMP-1016,Sales,1.3,0,0,44,7,31
2026-07-16 00:00:00,EMP-1017,Customer Success,1.8,0,0,52,4.9,43
2026-07-16 00:00:00,EMP-1018,HR,0.7,0,0,118,5.2,30
2026-07-16 00:00:00,EMP-1019,Finance,3.3,0,0,110,6.3,45
2026-07-16 00:00:00,EMP-1020,Engineering,3.4,0,0,137,6.5,44
2026-07-16 00:00:00,EMP-1021,Product,0,0,0,84,6.1,21
2026-07-16 00:00:00,EMP-1022,Sales,0,0,0,89,7.9,10
2026-07-16 00:00:00,EMP-1023,Customer Success,1.5,0,0,96,7.8,21
2026-07-16 00:00:00,EMP-1024,HR,1.2,0,0,43,7.5,23
2026-07-16 00:00:00,EMP-1025,Finance,0,0,0,39,4.8,26
2026-07-16 00:00:00,EMP-1026,Engineering,1.6,0,0,135,4.8,42
2026-07-16 00:00:00,EMP-1027,Product,0,0,0,116,9.3,10
2026-07-16 00:00:00,EMP-1028,Sales,0,0,1,0,4.5,49
2026-07-16 00:00:00,EMP-1029,Customer Success,1.4,0,0,59,8.3,16
2026-07-16 00:00:00,EMP-1030,HR,1.1,0,0,71,8.6,16
2026-07-16 00:00:00,EMP-1031,Finance,0.6,0,0,81,8.2,17
2026-07-16 00:00:00,EMP-1032,Engineering,1.8,0,0,139,7.6,25
2026-07-16 00:00:00,EMP-1033,Product,1.2,0,0,110,4.2,48
2026-07-16 00:00:00,EMP-1034,Sales,0.9,0,0,78,8.4,13
2026-07-16 00:00:00,EMP-1035,Customer Success,0,0,0,122,4.6,33
2026-07-16 00:00:00,EMP-1036,HR,1.7,0,0,27,8.5,19
2026-07-16 00:00:00,EMP-1037,Finance,0,0,0,74,7.4,13
2026-07-16 00:00:00,EMP-1038,Engineering,3,0,0,140,8,37
2026-07-16 00:00:00,EMP-1039,Product,1.3,0,0,62,8.8,17
2026-07-16 00:00:00,EMP-1040,Sales,0.5,0,0,78,5.6,32
2026-07-16 00:00:00,EMP-1041,Customer Success,2.4,0,0,61,7.8,29
2026-07-16 00:00:00,EMP-1042,HR,2.1,0,0,102,8.7,22
2026-07-16 00:00:00,EMP-1043,Finance,0.7,0,0,105,5.7,35
2026-07-16 00:00:00,EMP-1044,Engineering,0,0,0,181,7,20
2026-07-16 00:00:00,EMP-1045,Product,0.6,0,0,103,7.4,22
2026-07-16 00:00:00,EMP-1046,Sales,0.8,0,0,69,8.4,19
2026-07-16 00:00:00,EMP-1047,Customer Success,1.7,0,0,87,6.7,32
2026-07-16 00:00:00,EMP-1048,HR,0,8,0,0,7.7,13
2026-07-16 00:00:00,EMP-1049,Finance,0,0,0,57,7.4,18
2026-07-16 00:00:00,EMP-1050,Engineering,0,0,0,135,6,28
2026-07-16 00:00:00,EMP-1051,Product,1.5,0,0,26,6.5,29
2026-07-16 00:00:00,EMP-1052,Sales,1.3,0,0,89,7.7,21
2026-07-16 00:00:00,EMP-1053,Customer Success,0.1,0,0,91,5.9,29
2026-07-16 00:00:00,EMP-1054,HR,1.6,0,0,59,7.4,26
2026-07-16 00:00:00,EMP-1055,Finance,1.8,0,0,89,5.2,44
2026-07-16 00:00:00,EMP-1056,Engineering,1.7,0,0,120,6.8,34
2026-07-16 00:00:00,EMP-1057,Product,0,0,0,71,6.8,21
2026-07-16 00:00:00,EMP-1058,Sales,0,0,0,110,5.6,22
2026-07-16 00:00:00,EMP-1059,Customer Success,0,0,0,53,5.4,22
2026-07-16 00:00:00,EMP-1060,HR,0.7,0,0,87,6.6,30
2026-07-16 00:00:00,EMP-1061,Finance,0,0,0,128,7.9,10
2026-07-16 00:00:00,EMP-1062,Engineering,3,0,0,100,6.1,49
2026-07-16 00:00:00,EMP-1063,Product,0,0,0,97,5.3,24
2026-07-16 00:00:00,EMP-1064,Sales,1.4,0,0,85,6.9,27
2026-07-16 00:00:00,EMP-1065,Customer Success,1.2,0,0,58,6.1,37
2026-07-16 00:00:00,EMP-1066,HR,0.2,0,0,93,5.3,25
2026-07-16 00:00:00,EMP-1067,Finance,0,0,0,111,6,25
2026-07-16 00:00:00,EMP-1068,Engineering,0,0,0,108,8,15
2026-07-16 00:00:00,EMP-1069,Product,0.8,0,0,82,6.1,33
2026-07-16 00:00:00,EMP-1070,Sales,1,0,0,84,7.2,19
2026-07-16 00:00:00,EMP-1071,Customer Success,3.5,0,0,87,5.8,56
2026-07-16 00:00:00,EMP-1072,HR,2.4,0,0,52,6.9,38
2026-07-16 00:00:00,EMP-1073,Finance,0.6,0,0,117,6.8,20
2026-07-16 00:00:00,EMP-1074,Engineering,3.1,0,0,145,7.4,41
2026-07-16 00:00:00,EMP-1075,Product,0,0,0,68,7.9,10
2026-07-16 00:00:00,EMP-1076,Sales,0,0,0,59,7.4,10
2026-07-16 00:00:00,EMP-1077,Customer Success,2,0,0,25,6.4,35
2026-07-16 00:00:00,EMP-1078,HR,0.7,0,0,105,6.7,26
2026-07-16 00:00:00,EMP-1079,Finance,0.3,0,0,98,4.7,32
2026-07-16 00:00:00,EMP-1080,Engineering,1.4,0,0,125,7.1,24
2026-07-16 00:00:00,EMP-1081,Product,0,0,0,76,5.5,29
2026-07-16 00:00:00,EMP-1082,Sales,0,0,0,102,6.1,22
2026-07-16 00:00:00,EMP-1083,Customer Success,1.1,0,0,68,7.6,18
2026-07-16 00:00:00,EMP-1084,HR,1.7,0,0,111,6.9,34
2026-07-16 00:00:00,EMP-1085,Finance,1.5,0,0,108,6.8,27
2026-07-16 00:00:00,EMP-1086,Engineering,1.5,0,0,130,7,31
2026-07-16 00:00:00,EMP-1087,Product,0,0,0,78,7.2,13
2026-07-16 00:00:00,EMP-1088,Sales,0,0,0,113,6.7,20
2026-07-16 00:00:00,EMP-1089,Customer Success,4.1,0,0,93,5.3,57
2026-07-16 00:00:00,EMP-1090,HR,2.2,0,0,21,8.4,28
2026-07-16 00:00:00,EMP-1091,Finance,1,0,0,36,6,28
2026-07-16 00:00:00,EMP-1092,Engineering,2.8,0,0,145,6.6,38
2026-07-16 00:00:00,EMP-1093,Product,0.6,0,0,111,6.2,26
2026-07-16 00:00:00,EMP-1094,Sales,2.2,0,0,44,7.5,35
2026-07-16 00:00:00,EMP-1095,Customer Success,0,0,0,41,5.8,22
2026-07-16 00:00:00,EMP-1096,HR,1.5,0,0,104,6.3,30
2026-07-16 00:00:00,EMP-1097,Finance,0.5,0,0,90,8.7,15
2026-07-16 00:00:00,EMP-1098,Engineering,0.3,0,0,134,5,33
2026-07-16 00:00:00,EMP-1099,Product,0.4,0,0,101,5.5,28
2026-07-16 00:00:00,EMP-1100,Sales,1,0,0,113,6.4,29
2026-07-17 00:00:00,EMP-1001,Finance,0,0,0,86,6.2,17
2026-07-17 00:00:00,EMP-1002,Engineering,0,8,0,0,6.1,22
2026-07-17 00:00:00,EMP-1003,Product,0.1,0,0,55,7.8,16
2026-07-17 00:00:00,EMP-1004,Sales,1.8,0,0,140,6,41
2026-07-17 00:00:00,EMP-1005,Customer Success,0.5,0,0,89,6.4,28
2026-07-17 00:00:00,EMP-1006,HR,1.2,0,0,97,6.6,26
2026-07-17 00:00:00,EMP-1007,Finance,0,0,0,66,6.8,19
2026-07-17 00:00:00,EMP-1008,Engineering,0,0,1,0,9,25
2026-07-17 00:00:00,EMP-1009,Product,0,0,1,0,6.9,35
2026-07-17 00:00:00,EMP-1010,Sales,1.7,0,0,118,5.4,36
2026-07-17 00:00:00,EMP-1011,Customer Success,2.2,0,0,112,7.8,33
2026-07-17 00:00:00,EMP-1012,HR,1.1,0,0,92,6,33
2026-07-17 00:00:00,EMP-1013,Finance,0.5,0,0,98,6.1,28
2026-07-17 00:00:00,EMP-1014,Engineering,2.3,0,0,130,7.3,35
2026-07-17 00:00:00,EMP-1015,Product,0.2,0,0,70,5.6,24
2026-07-17 00:00:00,EMP-1016,Sales,0.7,0,0,122,7.1,23
2026-07-17 00:00:00,EMP-1017,Customer Success,1.4,0,0,76,6.4,31
2026-07-17 00:00:00,EMP-1018,HR,1.8,0,0,89,7.3,26
2026-07-17 00:00:00,EMP-1019,Finance,1.1,0,0,69,6.5,29
2026-07-17 00:00:00,EMP-1020,Engineering,3.7,0,0,106,7.3,46
2026-07-17 00:00:00,EMP-1021,Product,0,0,0,113,6.1,24
2026-07-17 00:00:00,EMP-1022,Sales,1.4,0,0,48,4.2,47
2026-07-17 00:00:00,EMP-1023,Customer Success,0.8,0,0,106,7.4,20
2026-07-17 00:00:00,EMP-1024,HR,1.2,0,0,79,5.4,36
2026-07-17 00:00:00,EMP-1025,Finance,0.1,0,0,123,5.5,27
2026-07-17 00:00:00,EMP-1026,Engineering,0.1,0,0,88,8.5,11
2026-07-17 00:00:00,EMP-1027,Product,0.3,0,0,55,6.4,22
2026-07-17 00:00:00,EMP-1028,Sales,0.5,0,0,125,8.6,10
2026-07-17 00:00:00,EMP-1029,Customer Success,1.5,0,0,49,7,29
2026-07-17 00:00:00,EMP-1030,HR,0,0,0,92,6.8,14
2026-07-17 00:00:00,EMP-1031,Finance,0.3,0,0,67,9.8,10
2026-07-17 00:00:00,EMP-1032,Engineering,0.9,0,0,95,6.7,21
2026-07-17 00:00:00,EMP-1033,Product,0.1,0,0,86,5,25
2026-07-17 00:00:00,EMP-1034,Sales,0.4,0,0,63,6.8,17
2026-07-17 00:00:00,EMP-1035,Customer Success,0,0,0,57,7.9,16
2026-07-17 00:00:00,EMP-1036,HR,1.2,0,0,91,5.8,31
2026-07-17 00:00:00,EMP-1037,Finance,2.5,0,0,119,5,52
2026-07-17 00:00:00,EMP-1038,Engineering,2.5,0,0,151,7.5,36
2026-07-17 00:00:00,EMP-1039,Product,3.1,0,0,114,6.7,47
2026-07-17 00:00:00,EMP-1040,Sales,2.3,0,0,127,6.2,42
2026-07-17 00:00:00,EMP-1041,Customer Success,4.3,0,0,74,6.4,58
2026-07-17 00:00:00,EMP-1042,HR,0,0,0,70,6.7,15
2026-07-17 00:00:00,EMP-1043,Finance,0,0,0,114,6.2,26
2026-07-17 00:00:00,EMP-1044,Engineering,5.2,0,0,109,5.1,66
2026-07-17 00:00:00,EMP-1045,Product,1.9,0,0,78,8.5,22
2026-07-17 00:00:00,EMP-1046,Sales,1.4,0,0,108,10,14
2026-07-17 00:00:00,EMP-1047,Customer Success,1.4,0,0,129,4.8,39
2026-07-17 00:00:00,EMP-1048,HR,0,0,0,53,4.9,26
2026-07-17 00:00:00,EMP-1049,Finance,0,0,0,94,7.4,16
2026-07-17 00:00:00,EMP-1050,Engineering,1.8,0,0,125,4,49
2026-07-17 00:00:00,EMP-1051,Product,0,0,0,83,6.6,22
2026-07-17 00:00:00,EMP-1052,Sales,1.8,0,0,67,7.1,26
2026-07-17 00:00:00,EMP-1053,Customer Success,0,0,0,114,6.2,23
2026-07-17 00:00:00,EMP-1054,HR,0.9,0,0,86,5.3,39
2026-07-17 00:00:00,EMP-1055,Finance,0.3,0,0,56,7.5,20
2026-07-17 00:00:00,EMP-1056,Engineering,1.6,0,0,141,8.3,21
2026-07-17 00:00:00,EMP-1057,Product,0,0,0,129,7,16
2026-07-17 00:00:00,EMP-1058,Sales,1.8,0,0,86,6,36
2026-07-17 00:00:00,EMP-1059,Customer Success,0,0,0,100,7,22
2026-07-17 00:00:00,EMP-1060,HR,0,0,0,134,6.5,17
2026-07-17 00:00:00,EMP-1061,Finance,0.6,0,0,95,7,23
2026-07-17 00:00:00,EMP-1062,Engineering,0,0,0,147,5.6,30
2026-07-17 00:00:00,EMP-1063,Product,0,0,0,74,5.9,24
2026-07-17 00:00:00,EMP-1064,Sales,1.1,0,0,98,5.7,35
2026-07-17 00:00:00,EMP-1065,Customer Success,0,0,1,0,7,33
2026-07-17 00:00:00,EMP-1066,HR,0.7,0,0,89,7.3,16
2026-07-17 00:00:00,EMP-1067,Finance,1.5,0,0,130,5.6,38
2026-07-17 00:00:00,EMP-1068,Engineering,1,0,0,111,7,29
2026-07-17 00:00:00,EMP-1069,Product,2,0,0,102,6.7,31
2026-07-17 00:00:00,EMP-1070,Sales,1.4,0,0,77,8.5,15
2026-07-17 00:00:00,EMP-1071,Customer Success,1.3,0,0,85,5.5,38
2026-07-17 00:00:00,EMP-1072,HR,0,0,0,106,4.2,29
2026-07-17 00:00:00,EMP-1073,Finance,0,0,0,69,7,22
2026-07-17 00:00:00,EMP-1074,Engineering,0.7,0,0,198,6.8,26
2026-07-17 00:00:00,EMP-1075,Product,0,0,0,84,5.4,23
2026-07-17 00:00:00,EMP-1076,Sales,0,0,0,81,4.8,32
2026-07-17 00:00:00,EMP-1077,Customer Success,1.2,0,0,94,6.6,26
2026-07-17 00:00:00,EMP-1078,HR,1.2,0,0,96,9.6,10
2026-07-17 00:00:00,EMP-1079,Finance,0.8,0,0,73,7.2,27
2026-07-17 00:00:00,EMP-1080,Engineering,1.4,0,0,133,5.6,41
2026-07-17 00:00:00,EMP-1081,Product,0,0,0,62,6.1,25
2026-07-17 00:00:00,EMP-1082,Sales,0,8,0,0,7.4,16
2026-07-17 00:00:00,EMP-1083,Customer Success,2.1,0,0,28,7.1,37
2026-07-17 00:00:00,EMP-1084,HR,3.2,0,0,58,7.4,44
2026-07-17 00:00:00,EMP-1085,Finance,0.2,0,0,103,7.7,11
2026-07-17 00:00:00,EMP-1086,Engineering,0.7,0,0,130,7.9,21
2026-07-17 00:00:00,EMP-1087,Product,0,0,0,138,5.4,24
2026-07-17 00:00:00,EMP-1088,Sales,0.9,0,0,146,4.5,40
2026-07-17 00:00:00,EMP-1089,Customer Success,3,0,0,125,5,57
2026-07-17 00:00:00,EMP-1090,HR,0.8,0,0,64,8.8,13
2026-07-17 00:00:00,EMP-1091,Finance,1.8,0,0,72,4.8,46
2026-07-17 00:00:00,EMP-1092,Engineering,2.8,0,0,140,5.2,49
2026-07-17 00:00:00,EMP-1093,Product,0,0,0,67,6.1,18
2026-07-17 00:00:00,EMP-1094,Sales,0.3,0,0,71,7,19
2026-07-17 00:00:00,EMP-1095,Customer Success,3.5,0,0,106,6.5,49
2026-07-17 00:00:00,EMP-1096,HR,0,0,0,126,7.3,14
2026-07-17 00:00:00,EMP-1097,Finance,1.2,0,0,86,7.4,28
2026-07-17 00:00:00,EMP-1098,Engineering,0.4,0,0,81,4.6,36
2026-07-17 00:00:00,EMP-1099,Product,2.1,0,0,54,6.2,41
2026-07-17 00:00:00,EMP-1100,Sales,0,0,0,106,7.7,10
2026-07-20 00:00:00,EMP-1001,Finance,3.3,0,0,94,7,39
2026-07-20 00:00:00,EMP-1002,Engineering,1.1,0,0,89,6.8,26
2026-07-20 00:00:00,EMP-1003,Product,0,0,0,51,4.6,30
2026-07-20 00:00:00,EMP-1004,Sales,1.1,0,0,96,6.2,31
2026-07-20 00:00:00,EMP-1005,Customer Success,1.5,0,0,23,7.9,21
2026-07-20 00:00:00,EMP-1006,HR,0,0,0,129,7.1,14
2026-07-20 00:00:00,EMP-1007,Finance,0,0,0,79,5.4,23
2026-07-20 00:00:00,EMP-1008,Engineering,1.1,0,0,122,7.5,27
2026-07-20 00:00:00,EMP-1009,Product,0.5,0,0,105,8.5,11
2026-07-20 00:00:00,EMP-1010,Sales,1.2,0,0,58,6.4,30
2026-07-20 00:00:00,EMP-1011,Customer Success,2.6,0,0,0,6.7,38
2026-07-20 00:00:00,EMP-1012,HR,0.4,0,0,92,5.8,24
2026-07-20 00:00:00,EMP-1013,Finance,0.2,0,0,122,7,22
2026-07-20 00:00:00,EMP-1014,Engineering,1.1,0,0,102,7.8,23
2026-07-20 00:00:00,EMP-1015,Product,0.5,0,0,66,5,32
2026-07-20 00:00:00,EMP-1016,Sales,1.6,0,0,96,7.7,25
2026-07-20 00:00:00,EMP-1017,Customer Success,0,0,0,79,5.4,28
2026-07-20 00:00:00,EMP-1018,HR,0,0,0,70,3.7,37
2026-07-20 00:00:00,EMP-1019,Finance,2.6,0,0,104,7.3,36
2026-07-20 00:00:00,EMP-1020,Engineering,0.1,0,0,90,7.4,15
2026-07-20 00:00:00,EMP-1021,Product,0,8,0,0,6.9,17
2026-07-20 00:00:00,EMP-1022,Sales,0,0,0,84,5.7,23
2026-07-20 00:00:00,EMP-1023,Customer Success,2.4,0,0,54,7.3,35
2026-07-20 00:00:00,EMP-1024,HR,1.9,0,0,92,5.9,42
2026-07-20 00:00:00,EMP-1025,Finance,0,0,0,74,6.7,20
2026-07-20 00:00:00,EMP-1026,Engineering,2.6,0,0,126,7.8,29
2026-07-20 00:00:00,EMP-1027,Product,0,0,0,86,6.9,17
2026-07-20 00:00:00,EMP-1028,Sales,2.6,0,0,112,7.5,32
2026-07-20 00:00:00,EMP-1029,Customer Success,0,0,0,60,8.2,11
2026-07-20 00:00:00,EMP-1030,HR,0,0,0,58,4.7,30
2026-07-20 00:00:00,EMP-1031,Finance,0,0,0,106,7.5,11
2026-07-20 00:00:00,EMP-1032,Engineering,3.1,0,0,114,6.7,47
2026-07-20 00:00:00,EMP-1033,Product,0,0,0,108,6.9,17
2026-07-20 00:00:00,EMP-1034,Sales,0.8,0,0,144,7.3,18
2026-07-20 00:00:00,EMP-1035,Customer Success,2.2,0,0,79,6.1,45
2026-07-20 00:00:00,EMP-1036,HR,0,0,0,79,6.5,16
2026-07-20 00:00:00,EMP-1037,Finance,1.5,0,0,70,6.6,31
2026-07-20 00:00:00,EMP-1038,Engineering,0,8,0,0,7.1,18
2026-07-20 00:00:00,EMP-1039,Product,0.3,0,0,75,5.8,23
2026-07-20 00:00:00,EMP-1040,Sales,1.6,0,0,69,7.1,26
2026-07-20 00:00:00,EMP-1041,Customer Success,3,0,0,85,7.2,35
2026-07-20 00:00:00,EMP-1042,HR,2.5,0,0,99,4.7,52
2026-07-20 00:00:00,EMP-1043,Finance,0.3,0,0,110,7,22
2026-07-20 00:00:00,EMP-1044,Engineering,0.1,0,0,114,5.8,30
2026-07-20 00:00:00,EMP-1045,Product,1.8,0,0,63,7.3,26
2026-07-20 00:00:00,EMP-1046,Sales,1.9,0,0,91,8.5,24
2026-07-20 00:00:00,EMP-1047,Customer Success,1.9,0,0,92,7.7,26
2026-07-20 00:00:00,EMP-1048,HR,1.8,0,0,90,2.8,61
2026-07-20 00:00:00,EMP-1049,Finance,2.6,0,0,75,7.1,37
2026-07-20 00:00:00,EMP-1050,Engineering,2.6,0,0,109,5.4,43
2026-07-20 00:00:00,EMP-1051,Product,3.2,0,0,77,7,44
2026-07-20 00:00:00,EMP-1052,Sales,0,0,0,84,6,20
2026-07-20 00:00:00,EMP-1053,Customer Success,0.3,0,0,94,8.1,17
2026-07-20 00:00:00,EMP-1054,HR,1.5,0,0,87,8.6,18
2026-07-20 00:00:00,EMP-1055,Finance,0,0,0,104,6.1,26
2026-07-20 00:00:00,EMP-1056,Engineering,1.3,0,0,94,9,14
2026-07-20 00:00:00,EMP-1057,Product,1.2,0,0,61,7.2,30
2026-07-20 00:00:00,EMP-1058,Sales,0,0,0,71,7.7,10
2026-07-20 00:00:00,EMP-1059,Customer Success,1,0,0,98,6,30
2026-07-20 00:00:00,EMP-1060,HR,0,0,0,55,3.4,39
2026-07-20 00:00:00,EMP-1061,Finance,0.6,0,0,88,6.2,30
2026-07-20 00:00:00,EMP-1062,Engineering,1.1,0,0,128,6.9,29
2026-07-20 00:00:00,EMP-1063,Product,0,0,0,62,7.2,18
2026-07-20 00:00:00,EMP-1064,Sales,0,0,1,0,6.5,45
2026-07-20 00:00:00,EMP-1065,Customer Success,0.6,0,0,72,8.1,15
2026-07-20 00:00:00,EMP-1066,HR,2.9,0,0,40,5.6,45
2026-07-20 00:00:00,EMP-1067,Finance,0,0,0,88,6.5,25
2026-07-20 00:00:00,EMP-1068,Engineering,2.6,0,0,142,5.7,50
2026-07-20 00:00:00,EMP-1069,Product,0,0,1,0,5.8,40
2026-07-20 00:00:00,EMP-1070,Sales,1.2,0,0,86,7.2,29
2026-07-20 00:00:00,EMP-1071,Customer Success,0.5,0,0,80,7.4,21
2026-07-20 00:00:00,EMP-1072,HR,2.8,0,0,95,7.6,39
2026-07-20 00:00:00,EMP-1073,Finance,3.1,0,0,108,7.5,43
2026-07-20 00:00:00,EMP-1074,Engineering,1,0,0,108,9.2,10
2026-07-20 00:00:00,EMP-1075,Product,0,0,0,86,8.5,13
2026-07-20 00:00:00,EMP-1076,Sales,0,8,0,0,6.9,13
2026-07-20 00:00:00,EMP-1077,Customer Success,0.6,0,0,72,8.2,15
2026-07-20 00:00:00,EMP-1078,HR,0,0,0,93,5.8,23
2026-07-20 00:00:00,EMP-1079,Finance,0.1,0,0,45,7.9,10
2026-07-20 00:00:00,EMP-1080,Engineering,1.4,0,0,107,8.2,23
2026-07-20 00:00:00,EMP-1081,Product,2.1,0,0,70,4.6,52
2026-07-20 00:00:00,EMP-1082,Sales,0.7,0,0,114,7.4,23
2026-07-20 00:00:00,EMP-1083,Customer Success,3.9,0,0,39,7.3,44
2026-07-20 00:00:00,EMP-1084,HR,0,0,0,85,5.3,23
2026-07-20 00:00:00,EMP-1085,Finance,2.1,0,0,65,6.1,40
2026-07-20 00:00:00,EMP-1086,Engineering,0,8,0,0,7.9,15
2026-07-20 00:00:00,EMP-1087,Product,1.1,0,0,85,7.1,25
2026-07-20 00:00:00,EMP-1088,Sales,0.4,0,0,94,5.9,24
2026-07-20 00:00:00,EMP-1089,Customer Success,2.2,0,0,93,7,38
2026-07-20 00:00:00,EMP-1090,HR,0.1,0,0,130,7.2,20
2026-07-20 00:00:00,EMP-1091,Finance,0.3,0,0,117,6.7,19
2026-07-20 00:00:00,EMP-1092,Engineering,0,0,0,79,7,20
2026-07-20 00:00:00,EMP-1093,Product,0,0,0,126,7.1,13
2026-07-20 00:00:00,EMP-1094,Sales,1,0,0,115,8.6,16
2026-07-20 00:00:00,EMP-1095,Customer Success,2,0,0,94,6.2,35
2026-07-20 00:00:00,EMP-1096,HR,0.9,0,0,74,7.4,24
2026-07-20 00:00:00,EMP-1097,Finance,0.2,0,0,70,6.4,22
2026-07-20 00:00:00,EMP-1098,Engineering,2,0,0,145,5.2,42
2026-07-20 00:00:00,EMP-1099,Product,1.4,0,0,101,5.3,34
2026-07-20 00:00:00,EMP-1100,Sales,1.5,0,0,45,5.1,39
2026-07-21 00:00:00,EMP-1001,Finance,0.2,0,0,59,6.7,16
2026-07-21 00:00:00,EMP-1002,Engineering,3.2,0,0,128,7,44
2026-07-21 00:00:00,EMP-1003,Product,1.1,0,0,107,8,21
2026-07-21 00:00:00,EMP-1004,Sales,3,0,0,65,9.3,30
2026-07-21 00:00:00,EMP-1005,Customer Success,0.4,0,0,87,4.5,35
2026-07-21 00:00:00,EMP-1006,HR,0.1,0,0,111,5.8,24
2026-07-21 00:00:00,EMP-1007,Finance,0,0,0,53,8.3,10
2026-07-21 00:00:00,EMP-1008,Engineering,1.6,0,0,128,8.5,20
2026-07-21 00:00:00,EMP-1009,Product,0.9,0,0,114,7.1,19
2026-07-21 00:00:00,EMP-1010,Sales,1.3,0,0,72,7.1,27
2026-07-21 00:00:00,EMP-1011,Customer Success,2.1,0,0,119,6.6,39
2026-07-21 00:00:00,EMP-1012,HR,1.6,0,0,120,6.5,30
2026-07-21 00:00:00,EMP-1013,Finance,0,0,0,85,6.5,21
2026-07-21 00:00:00,EMP-1014,Engineering,0,0,0,114,4.7,34
2026-07-21 00:00:00,EMP-1015,Product,0,0,0,89,5.9,24
2026-07-21 00:00:00,EMP-1016,Sales,0,0,0,74,6,19
2026-07-21 00:00:00,EMP-1017,Customer Success,4.3,0,0,72,3.8,69
2026-07-21 00:00:00,EMP-1018,HR,0,0,0,79,6.8,14
2026-07-21 00:00:00,EMP-1019,Finance,1.8,0,0,70,7.4,30
2026-07-21 00:00:00,EMP-1020,Engineering,4.8,0,0,100,6.6,61
2026-07-21 00:00:00,EMP-1021,Product,1.7,0,0,87,6.3,32
2026-07-21 00:00:00,EMP-1022,Sales,0.6,0,0,122,5.9,31
2026-07-21 00:00:00,EMP-1023,Customer Success,2.4,0,0,123,7.9,32
2026-07-21 00:00:00,EMP-1024,HR,0,8,0,0,6.1,26
2026-07-21 00:00:00,EMP-1025,Finance,0.7,0,0,69,6,24
2026-07-21 00:00:00,EMP-1026,Engineering,1.9,0,0,97,6.4,38
2026-07-21 00:00:00,EMP-1027,Product,1.1,0,0,80,8.3,14
2026-07-21 00:00:00,EMP-1028,Sales,1.9,0,0,86,9.9,12
2026-07-21 00:00:00,EMP-1029,Customer Success,2.6,0,0,92,6.1,40
2026-07-21 00:00:00,EMP-1030,HR,0.9,0,0,98,7.9,16
2026-07-21 00:00:00,EMP-1031,Finance,0.3,0,0,65,6.6,24
2026-07-21 00:00:00,EMP-1032,Engineering,0,0,0,131,7.8,10
2026-07-21 00:00:00,EMP-1033,Product,0.6,0,0,64,7.1,18
2026-07-21 00:00:00,EMP-1034,Sales,1.8,0,0,139,5.1,46
2026-07-21 00:00:00,EMP-1035,Customer Success,2.5,0,0,41,8.4,27
2026-07-21 00:00:00,EMP-1036,HR,0,0,0,119,10,10
2026-07-21 00:00:00,EMP-1037,Finance,0.3,0,0,95,4,35
2026-07-21 00:00:00,EMP-1038,Engineering,1.9,0,0,116,5.9,34
2026-07-21 00:00:00,EMP-1039,Product,0.6,0,0,114,7.1,22
2026-07-21 00:00:00,EMP-1040,Sales,1.9,0,0,64,7.3,30
2026-07-21 00:00:00,EMP-1041,Customer Success,1.5,0,0,95,4.7,43
2026-07-21 00:00:00,EMP-1042,HR,0,0,0,39,6.4,20
2026-07-21 00:00:00,EMP-1043,Finance,0,0,0,48,3.7,33
2026-07-21 00:00:00,EMP-1044,Engineering,0,0,0,117,7.3,16
2026-07-21 00:00:00,EMP-1045,Product,0.7,0,0,55,8.7,14
2026-07-21 00:00:00,EMP-1046,Sales,0.8,0,0,58,5.8,28
2026-07-21 00:00:00,EMP-1047,Customer Success,3.9,0,0,87,7.6,43
2026-07-21 00:00:00,EMP-1048,HR,0,0,0,58,7.1,14
2026-07-21 00:00:00,EMP-1049,Finance,0,0,0,99,7.7,10
2026-07-21 00:00:00,EMP-1050,Engineering,2.5,0,0,169,8.2,29
2026-07-21 00:00:00,EMP-1051,Product,0.6,0,0,82,7.4,19
2026-07-21 00:00:00,EMP-1052,Sales,0.8,0,0,70,4.3,40
2026-07-21 00:00:00,EMP-1053,Customer Success,1.1,0,0,92,6,36
2026-07-21 00:00:00,EMP-1054,HR,1.5,0,0,81,5.4,37
2026-07-21 00:00:00,EMP-1055,Finance,0,0,0,116,5.7,27
2026-07-21 00:00:00,EMP-1056,Engineering,0.7,0,0,138,7,20
2026-07-21 00:00:00,EMP-1057,Product,1.9,0,0,76,7.3,28
2026-07-21 00:00:00,EMP-1058,Sales,2.3,0,0,114,6.6,40
2026-07-21 00:00:00,EMP-1059,Customer Success,1.3,0,0,110,9.6,13
2026-07-21 00:00:00,EMP-1060,HR,0.7,0,0,133,6.5,23
2026-07-21 00:00:00,EMP-1061,Finance,0,0,0,66,8.2,12
2026-07-21 00:00:00,EMP-1062,Engineering,0.9,0,0,156,7,22
2026-07-21 00:00:00,EMP-1063,Product,0,8,0,0,6.2,23
2026-07-21 00:00:00,EMP-1064,Sales,1.5,0,0,115,5.1,40
2026-07-21 00:00:00,EMP-1065,Customer Success,1.7,0,0,88,6.1,38
2026-07-21 00:00:00,EMP-1066,HR,0.9,0,0,80,5.9,31
2026-07-21 00:00:00,EMP-1067,Finance,3,0,0,104,8.9,27
2026-07-21 00:00:00,EMP-1068,Engineering,2.3,0,0,108,6.5,40
2026-07-21 00:00:00,EMP-1069,Product,0.3,0,0,44,7.3,20
2026-07-21 00:00:00,EMP-1070,Sales,0,0,0,65,5.7,27
2026-07-21 00:00:00,EMP-1071,Customer Success,0.9,0,0,67,6.9,26
2026-07-21 00:00:00,EMP-1072,HR,0.1,0,0,86,6.8,19
2026-07-21 00:00:00,EMP-1073,Finance,2.3,0,0,73,7.5,37
2026-07-21 00:00:00,EMP-1074,Engineering,0.5,0,0,103,7,18
2026-07-21 00:00:00,EMP-1075,Product,1.5,0,0,98,7.1,27
2026-07-21 00:00:00,EMP-1076,Sales,2.1,0,0,66,7.9,30
2026-07-21 00:00:00,EMP-1077,Customer Success,0.3,0,0,108,5.8,22
2026-07-21 00:00:00,EMP-1078,HR,0.2,0,0,76,7,15
2026-07-21 00:00:00,EMP-1079,Finance,1.1,0,0,80,6.6,32
2026-07-21 00:00:00,EMP-1080,Engineering,1.7,0,0,145,6,34
2026-07-21 00:00:00,EMP-1081,Product,0.2,0,0,103,6.7,16
2026-07-21 00:00:00,EMP-1082,Sales,2.9,0,0,96,7.9,36
2026-07-21 00:00:00,EMP-1083,Customer Success,1.3,0,0,89,6,32
2026-07-21 00:00:00,EMP-1084,HR,0,0,0,69,6.4,18
2026-07-21 00:00:00,EMP-1085,Finance,0,0,0,84,6.7,15
2026-07-21 00:00:00,EMP-1086,Engineering,2.8,0,0,112,7.2,38
2026-07-21 00:00:00,EMP-1087,Product,0,0,0,97,6.4,23
2026-07-21 00:00:00,EMP-1088,Sales,3,0,0,101,7.7,33
2026-07-21 00:00:00,EMP-1089,Customer Success,1.7,0,0,76,9.8,13
2026-07-21 00:00:00,EMP-1090,HR,0,0,0,71,6.6,20
2026-07-21 00:00:00,EMP-1091,Finance,0,0,0,87,5.5,27
2026-07-21 00:00:00,EMP-1092,Engineering,2.4,0,0,114,3.6,57
2026-07-21 00:00:00,EMP-1093,Product,0.4,0,0,85,7.4,22
2026-07-21 00:00:00,EMP-1094,Sales,0.4,0,0,111,5.9,22
2026-07-21 00:00:00,EMP-1095,Customer Success,1.2,0,0,89,8,25
2026-07-21 00:00:00,EMP-1096,HR,0,0,0,108,9.1,10
2026-07-21 00:00:00,EMP-1097,Finance,1.3,0,0,101,4.1,43
2026-07-21 00:00:00,EMP-1098,Engineering,0.4,0,0,127,7,17
2026-07-21 00:00:00,EMP-1099,Product,0.3,0,0,126,6.8,21
2026-07-21 00:00:00,EMP-1100,Sales,0.8,0,0,68,6.1,33
2026-07-22 00:00:00,EMP-1001,Finance,0,0,0,106,7.9,10
2026-07-22 00:00:00,EMP-1002,Engineering,1.6,0,0,114,7.4,31
2026-07-22 00:00:00,EMP-1003,Product,0.1,0,0,88,5.8,26
2026-07-22 00:00:00,EMP-1004,Sales,3,0,0,110,5.9,52
2026-07-22 00:00:00,EMP-1005,Customer Success,1.3,0,0,76,6.6,34
2026-07-22 00:00:00,EMP-1006,HR,2.1,0,0,142,4.9,47
2026-07-22 00:00:00,EMP-1007,Finance,1,0,0,94,6.9,25
2026-07-22 00:00:00,EMP-1008,Engineering,1.9,0,0,102,7,33
2026-07-22 00:00:00,EMP-1009,Product,0,0,0,117,5.8,21
2026-07-22 00:00:00,EMP-1010,Sales,0,0,1,0,8.7,31
2026-07-22 00:00:00,EMP-1011,Customer Success,0.3,0,0,105,8.5,10
2026-07-22 00:00:00,EMP-1012,HR,1.9,0,0,84,8.7,26
2026-07-22 00:00:00,EMP-1013,Finance,0,0,0,116,8.4,10
2026-07-22 00:00:00,EMP-1014,Engineering,1.8,0,0,142,6.3,38
2026-07-22 00:00:00,EMP-1015,Product,0,0,0,64,7.9,16
2026-07-22 00:00:00,EMP-1016,Sales,0.2,0,0,84,7.5,19
2026-07-22 00:00:00,EMP-1017,Customer Success,0,0,0,44,7.1,12
2026-07-22 00:00:00,EMP-1018,HR,0.7,0,0,104,5.1,33
2026-07-22 00:00:00,EMP-1019,Finance,0,0,0,125,5.8,20
2026-07-22 00:00:00,EMP-1020,Engineering,2.4,0,0,109,7.6,31
2026-07-22 00:00:00,EMP-1021,Product,2.9,0,0,45,8.7,28
2026-07-22 00:00:00,EMP-1022,Sales,0.6,0,0,106,6.6,29
2026-07-22 00:00:00,EMP-1023,Customer Success,3.2,0,0,74,6.4,45
2026-07-22 00:00:00,EMP-1024,HR,0,0,0,63,5.6,27
2026-07-22 00:00:00,EMP-1025,Finance,0,0,0,119,7.6,10
2026-07-22 00:00:00,EMP-1026,Engineering,1.1,0,0,130,7.3,23
2026-07-22 00:00:00,EMP-1027,Product,1.3,0,0,114,4.7,43
2026-07-22 00:00:00,EMP-1028,Sales,0.9,0,0,108,4.2,45
2026-07-22 00:00:00,EMP-1029,Customer Success,2.3,0,0,21,5.9,41
2026-07-22 00:00:00,EMP-1030,HR,0,0,0,115,7.8,12
2026-07-22 00:00:00,EMP-1031,Finance,1.5,0,0,90,6.1,32
2026-07-22 00:00:00,EMP-1032,Engineering,2.4,0,0,139,6.5,40
2026-07-22 00:00:00,EMP-1033,Product,1.3,0,0,66,5.4,39
2026-07-22 00:00:00,EMP-1034,Sales,0.7,0,0,64,7.4,24
2026-07-22 00:00:00,EMP-1035,Customer Success,1.1,0,0,142,7.4,27
2026-07-22 00:00:00,EMP-1036,HR,0.3,0,0,121,7.2,22
2026-07-22 00:00:00,EMP-1037,Finance,0.4,0,0,96,6.4,25
2026-07-22 00:00:00,EMP-1038,Engineering,1,0,0,125,7.4,24
2026-07-22 00:00:00,EMP-1039,Product,0.3,0,0,83,7.6,15
2026-07-22 00:00:00,EMP-1040,Sales,0,0,0,111,7.9,13
2026-07-22 00:00:00,EMP-1041,Customer Success,1.3,0,0,35,3.9,44
2026-07-22 00:00:00,EMP-1042,HR,0.7,0,0,83,7.3,19
2026-07-22 00:00:00,EMP-1043,Finance,2.8,0,0,85,9.5,24
2026-07-22 00:00:00,EMP-1044,Engineering,3.8,0,0,137,7.3,43
2026-07-22 00:00:00,EMP-1045,Product,0,0,1,0,7,36
2026-07-22 00:00:00,EMP-1046,Sales,0.8,0,0,109,6.1,32
2026-07-22 00:00:00,EMP-1047,Customer Success,2.3,0,0,50,8.3,25
2026-07-22 00:00:00,EMP-1048,HR,0.8,0,0,68,6.2,24
2026-07-22 00:00:00,EMP-1049,Finance,0,0,0,57,8.3,10
2026-07-22 00:00:00,EMP-1050,Engineering,0,0,0,126,7.9,14
2026-07-22 00:00:00,EMP-1051,Product,0,0,0,42,5.5,23
2026-07-22 00:00:00,EMP-1052,Sales,2,0,0,89,6.8,33
2026-07-22 00:00:00,EMP-1053,Customer Success,0.1,0,0,98,8.6,11
2026-07-22 00:00:00,EMP-1054,HR,0,0,1,0,6.2,46
2026-07-22 00:00:00,EMP-1055,Finance,0.5,0,0,78,7.3,23
2026-07-22 00:00:00,EMP-1056,Engineering,1.5,0,0,103,8.8,14
2026-07-22 00:00:00,EMP-1057,Product,0,0,0,68,4.7,33
2026-07-22 00:00:00,EMP-1058,Sales,0.3,0,0,87,7.3,19
2026-07-22 00:00:00,EMP-1059,Customer Success,3.6,0,0,69,5.7,50
2026-07-22 00:00:00,EMP-1060,HR,0.4,0,0,105,5.4,25
2026-07-22 00:00:00,EMP-1061,Finance,1.4,0,0,148,9.4,14
2026-07-22 00:00:00,EMP-1062,Engineering,0.3,0,0,83,8.5,10
2026-07-22 00:00:00,EMP-1063,Product,0,0,0,97,7.5,13
2026-07-22 00:00:00,EMP-1064,Sales,0.4,0,0,120,7.6,17
2026-07-22 00:00:00,EMP-1065,Customer Success,0,0,1,0,6.8,36
2026-07-22 00:00:00,EMP-1066,HR,0.3,0,0,91,7.2,22
2026-07-22 00:00:00,EMP-1067,Finance,2.9,0,0,98,5.7,50
2026-07-22 00:00:00,EMP-1068,Engineering,2.3,0,0,128,7.5,28
2026-07-22 00:00:00,EMP-1069,Product,0,0,0,64,6.7,16
2026-07-22 00:00:00,EMP-1070,Sales,0,0,0,124,8.8,10
2026-07-22 00:00:00,EMP-1071,Customer Success,2.1,0,0,96,6.9,32
2026-07-22 00:00:00,EMP-1072,HR,1.4,0,0,106,7.9,25
2026-07-22 00:00:00,EMP-1073,Finance,1.3,0,0,79,8.1,16
2026-07-22 00:00:00,EMP-1074,Engineering,4.3,0,0,144,6.5,55
2026-07-22 00:00:00,EMP-1075,Product,2.9,0,0,65,6.1,50
2026-07-22 00:00:00,EMP-1076,Sales,1.5,0,0,85,4.5,45
2026-07-22 00:00:00,EMP-1077,Customer Success,0.7,0,0,62,7.7,18
2026-07-22 00:00:00,EMP-1078,HR,0.3,0,0,104,7.2,17
2026-07-22 00:00:00,EMP-1079,Finance,0.4,0,0,104,4.9,37
2026-07-22 00:00:00,EMP-1080,Engineering,1.9,0,0,103,8,28
2026-07-22 00:00:00,EMP-1081,Product,0,0,1,0,6.9,39
2026-07-22 00:00:00,EMP-1082,Sales,0,0,0,100,6.5,21
2026-07-22 00:00:00,EMP-1083,Customer Success,0,0,0,85,7.3,11
2026-07-22 00:00:00,EMP-1084,HR,1.5,0,0,25,5.5,39
2026-07-22 00:00:00,EMP-1085,Finance,0,0,0,58,5.9,25
2026-07-22 00:00:00,EMP-1086,Engineering,3.3,0,0,135,7.3,41
2026-07-22 00:00:00,EMP-1087,Product,0,0,0,86,5.9,21
2026-07-22 00:00:00,EMP-1088,Sales,0,0,0,145,7.3,17
2026-07-22 00:00:00,EMP-1089,Customer Success,0,0,0,70,8,10
2026-07-22 00:00:00,EMP-1090,HR,3,0,0,131,7.3,44
2026-07-22 00:00:00,EMP-1091,Finance,0,0,0,85,7.2,11
2026-07-22 00:00:00,EMP-1092,Engineering,2.6,0,0,117,7.7,36
2026-07-22 00:00:00,EMP-1093,Product,0,0,0,52,6.6,15
2026-07-22 00:00:00,EMP-1094,Sales,0,8,0,0,7,13
2026-07-22 00:00:00,EMP-1095,Customer Success,0.4,0,0,127,6.5,28
2026-07-22 00:00:00,EMP-1096,HR,0.9,0,0,116,7,28
2026-07-22 00:00:00,EMP-1097,Finance,0.1,0,0,78,7.1,15
2026-07-22 00:00:00,EMP-1098,Engineering,0,0,0,109,3.8,36
2026-07-22 00:00:00,EMP-1099,Product,0,0,0,68,6.8,22
2026-07-22 00:00:00,EMP-1100,Sales,0,0,0,88,8.2,10
2026-07-23 00:00:00,EMP-1001,Finance,1.9,0,0,72,4.5,45
2026-07-23 00:00:00,EMP-1002,Engineering,2.2,0,0,137,8.6,27
2026-07-23 00:00:00,EMP-1003,Product,2.6,0,0,77,8.3,26
2026-07-23 00:00:00,EMP-1004,Sales,1.7,0,0,79,6.8,28
2026-07-23 00:00:00,EMP-1005,Customer Success,0.6,0,0,87,7.3,20
2026-07-23 00:00:00,EMP-1006,HR,2.2,0,0,118,5.4,43
2026-07-23 00:00:00,EMP-1007,Finance,1.8,0,0,123,5.9,42
2026-07-23 00:00:00,EMP-1008,Engineering,2.1,0,0,92,6.4,39
2026-07-23 00:00:00,EMP-1009,Product,2.3,0,0,76,7,40
2026-07-23 00:00:00,EMP-1010,Sales,1.9,0,0,126,6,41
2026-07-23 00:00:00,EMP-1011,Customer Success,2,0,0,54,7.9,23
2026-07-23 00:00:00,EMP-1012,HR,1.5,0,0,80,5.5,40
2026-07-23 00:00:00,EMP-1013,Finance,0,0,0,106,5.5,27
2026-07-23 00:00:00,EMP-1014,Engineering,2.6,0,0,123,5,49
2026-07-23 00:00:00,EMP-1015,Product,1.1,0,0,50,7.8,20
2026-07-23 00:00:00,EMP-1016,Sales,0,0,0,103,7.8,10
2026-07-23 00:00:00,EMP-1017,Customer Success,1.9,0,0,45,6.9,33
2026-07-23 00:00:00,EMP-1018,HR,0.2,0,0,86,5.1,32
2026-07-23 00:00:00,EMP-1019,Finance,0,8,0,0,6.2,22
2026-07-23 00:00:00,EMP-1020,Engineering,2.3,0,0,135,8.1,26
2026-07-23 00:00:00,EMP-1021,Product,0,0,1,0,6.7,34
2026-07-23 00:00:00,EMP-1022,Sales,0,8,0,0,6.2,21
2026-07-23 00:00:00,EMP-1023,Customer Success,0,0,0,101,5.4,27
2026-07-23 00:00:00,EMP-1024,HR,1.3,0,0,90,7.4,24
2026-07-23 00:00:00,EMP-1025,Finance,1,0,0,112,9.2,11
2026-07-23 00:00:00,EMP-1026,Engineering,2.7,0,0,103,6.6,39
2026-07-23 00:00:00,EMP-1027,Product,0,0,0,123,7.4,17
2026-07-23 00:00:00,EMP-1028,Sales,0,0,0,119,5,29
2026-07-23 00:00:00,EMP-1029,Customer Success,0,8,0,0,8.1,10
2026-07-23 00:00:00,EMP-1030,HR,1.2,0,0,101,6.8,24
2026-07-23 00:00:00,EMP-1031,Finance,0.7,0,0,101,7,26
2026-07-23 00:00:00,EMP-1032,Engineering,0.9,0,0,101,6.2,30
2026-07-23 00:00:00,EMP-1033,Product,1.2,0,0,63,9.2,10
2026-07-23 00:00:00,EMP-1034,Sales,0,0,0,98,8.4,11
2026-07-23 00:00:00,EMP-1035,Customer Success,1.6,0,0,98,3.8,46
2026-07-23 00:00:00,EMP-1036,HR,0.1,0,0,94,6.6,25
2026-07-23 00:00:00,EMP-1037,Finance,0.7,0,0,64,6.3,31
2026-07-23 00:00:00,EMP-1038,Engineering,1.7,0,0,143,7.1,32
2026-07-23 00:00:00,EMP-1039,Product,2,0,0,72,6.1,34
2026-07-23 00:00:00,EMP-1040,Sales,0,0,0,84,7.3,15
2026-07-23 00:00:00,EMP-1041,Customer Success,0.9,0,0,80,6.6,23
2026-07-23 00:00:00,EMP-1042,HR,0,0,0,82,5.3,24
2026-07-23 00:00:00,EMP-1043,Finance,0,0,0,73,6.1,25
2026-07-23 00:00:00,EMP-1044,Engineering,2.8,0,0,84,5.2,49
2026-07-23 00:00:00,EMP-1045,Product,0,0,0,93,7.9,14
2026-07-23 00:00:00,EMP-1046,Sales,0,0,0,37,6.6,19
2026-07-23 00:00:00,EMP-1047,Customer Success,0.7,0,0,110,6.9,19
2026-07-23 00:00:00,EMP-1048,HR,0.4,0,0,107,6.1,30
2026-07-23 00:00:00,EMP-1049,Finance,0,0,0,72,7.6,16
2026-07-23 00:00:00,EMP-1050,Engineering,0,0,0,124,5.6,29
2026-07-23 00:00:00,EMP-1051,Product,0.5,0,0,76,9.3,10
2026-07-23 00:00:00,EMP-1052,Sales,0,0,0,108,6.4,17
2026-07-23 00:00:00,EMP-1053,Customer Success,0.6,0,0,127,7.9,12
2026-07-23 00:00:00,EMP-1054,HR,0.5,0,0,128,6.9,26
2026-07-23 00:00:00,EMP-1055,Finance,1,0,0,82,6.9,26
2026-07-23 00:00:00,EMP-1056,Engineering,1.7,0,0,114,7.1,28
2026-07-23 00:00:00,EMP-1057,Product,1,0,0,74,7.3,26
2026-07-23 00:00:00,EMP-1058,Sales,0.3,0,0,116,6.1,22
2026-07-23 00:00:00,EMP-1059,Customer Success,1.1,0,0,103,7.4,23
2026-07-23 00:00:00,EMP-1060,HR,2.5,0,0,57,7.6,33
2026-07-23 00:00:00,EMP-1061,Finance,0,0,0,62,7.4,10
2026-07-23 00:00:00,EMP-1062,Engineering,3,0,0,67,6.1,42
2026-07-23 00:00:00,EMP-1063,Product,0.7,0,0,99,7.7,20
2026-07-23 00:00:00,EMP-1064,Sales,1.7,0,0,133,5.1,44
2026-07-23 00:00:00,EMP-1065,Customer Success,3.3,0,0,63,9.2,30
2026-07-23 00:00:00,EMP-1066,HR,0.2,0,0,54,7.6,19
2026-07-23 00:00:00,EMP-1067,Finance,0,0,0,92,5.1,32
2026-07-23 00:00:00,EMP-1068,Engineering,2.5,0,0,112,7.1,34
2026-07-23 00:00:00,EMP-1069,Product,0,0,0,56,8.6,11
2026-07-23 00:00:00,EMP-1070,Sales,0.3,0,0,64,6.1,20
2026-07-23 00:00:00,EMP-1071,Customer Success,3.8,0,0,106,7.1,46
2026-07-23 00:00:00,EMP-1072,HR,0,0,0,80,7.6,10
2026-07-23 00:00:00,EMP-1073,Finance,0,0,0,124,6.5,18
2026-07-23 00:00:00,EMP-1074,Engineering,0.9,0,0,132,7,20
2026-07-23 00:00:00,EMP-1075,Product,0,0,0,62,8.5,10
2026-07-23 00:00:00,EMP-1076,Sales,2.5,0,0,60,5.6,50
2026-07-23 00:00:00,EMP-1077,Customer Success,2.1,0,0,133,5.8,39
2026-07-23 00:00:00,EMP-1078,HR,0,0,0,69,6.5,16
2026-07-23 00:00:00,EMP-1079,Finance,0.5,0,0,90,5.1,36
2026-07-23 00:00:00,EMP-1080,Engineering,1.2,0,0,94,7.9,23
2026-07-23 00:00:00,EMP-1081,Product,0,8,0,0,4.8,31
2026-07-23 00:00:00,EMP-1082,Sales,0.5,0,0,105,7.8,21
2026-07-23 00:00:00,EMP-1083,Customer Success,0.7,0,0,76,8.1,21
2026-07-23 00:00:00,EMP-1084,HR,0.4,0,0,75,7.9,16
2026-07-23 00:00:00,EMP-1085,Finance,0,0,0,76,8.8,10
2026-07-23 00:00:00,EMP-1086,Engineering,1,0,0,150,6.5,29
2026-07-23 00:00:00,EMP-1087,Product,0,0,0,84,7.2,14
2026-07-23 00:00:00,EMP-1088,Sales,0.7,0,0,113,9,15
2026-07-23 00:00:00,EMP-1089,Customer Success,1.2,0,0,102,7.8,18
2026-07-23 00:00:00,EMP-1090,HR,2,0,0,86,8.1,24
2026-07-23 00:00:00,EMP-1091,Finance,1.3,0,0,87,6.6,29
2026-07-23 00:00:00,EMP-1092,Engineering,1.1,0,0,114,6,32
2026-07-23 00:00:00,EMP-1093,Product,0.7,0,0,68,7.3,22
2026-07-23 00:00:00,EMP-1094,Sales,3,0,0,41,7.5,39
2026-07-23 00:00:00,EMP-1095,Customer Success,0.7,0,0,103,6.8,24
2026-07-23 00:00:00,EMP-1096,HR,0,0,0,49,7.6,18
2026-07-23 00:00:00,EMP-1097,Finance,1,0,0,95,4.2,44
2026-07-23 00:00:00,EMP-1098,Engineering,1.1,0,0,122,6,27
2026-07-23 00:00:00,EMP-1099,Product,1.3,0,0,79,5.3,40
2026-07-23 00:00:00,EMP-1100,Sales,0.8,0,0,74,8.2,12
2026-07-24 00:00:00,EMP-1001,Finance,0,0,0,90,9,10
2026-07-24 00:00:00,EMP-1002,Engineering,0,0,0,139,5.3,24
2026-07-24 00:00:00,EMP-1003,Product,0,8,0,0,6.4,22
2026-07-24 00:00:00,EMP-1004,Sales,0.7,0,0,110,8.4,13
2026-07-24 00:00:00,EMP-1005,Customer Success,2.9,0,0,76,7.3,34
2026-07-24 00:00:00,EMP-1006,HR,1.9,0,0,83,7.4,28
2026-07-24 00:00:00,EMP-1007,Finance,1.9,0,0,117,6.6,33
2026-07-24 00:00:00,EMP-1008,Engineering,0.7,0,0,109,6.2,24
2026-07-24 00:00:00,EMP-1009,Product,0.5,0,0,45,7.2,22
2026-07-24 00:00:00,EMP-1010,Sales,0.2,0,0,47,5.6,25
2026-07-24 00:00:00,EMP-1011,Customer Success,1.2,0,0,82,6.2,28
2026-07-24 00:00:00,EMP-1012,HR,2.1,0,0,90,6.5,37
2026-07-24 00:00:00,EMP-1013,Finance,0,0,0,78,6.8,23
2026-07-24 00:00:00,EMP-1014,Engineering,3.4,0,0,178,3.6,64
2026-07-24 00:00:00,EMP-1015,Product,0.9,0,0,78,8.3,12
2026-07-24 00:00:00,EMP-1016,Sales,0.8,0,0,57,5.9,28
2026-07-24 00:00:00,EMP-1017,Customer Success,2.8,0,0,99,6.6,43
2026-07-24 00:00:00,EMP-1018,HR,1.2,0,0,126,8.1,16
2026-07-24 00:00:00,EMP-1019,Finance,0,0,0,69,6.7,20
2026-07-24 00:00:00,EMP-1020,Engineering,0,0,0,111,6.4,24
2026-07-24 00:00:00,EMP-1021,Product,1.6,0,0,112,8.1,27
2026-07-24 00:00:00,EMP-1022,Sales,0,0,0,56,7.2,13
2026-07-24 00:00:00,EMP-1023,Customer Success,0.2,0,0,62,5.6,31
2026-07-24 00:00:00,EMP-1024,HR,0,0,0,37,8.4,10
2026-07-24 00:00:00,EMP-1025,Finance,0,0,0,64,5.6,24
2026-07-24 00:00:00,EMP-1026,Engineering,0,8,0,0,8.5,11
2026-07-24 00:00:00,EMP-1027,Product,1.5,0,0,31,6.7,26
2026-07-24 00:00:00,EMP-1028,Sales,0,0,0,56,5.8,27
2026-07-24 00:00:00,EMP-1029,Customer Success,1.4,0,0,62,7.8,25
2026-07-24 00:00:00,EMP-1030,HR,0.1,0,0,12,6.4,19
2026-07-24 00:00:00,EMP-1031,Finance,1.1,0,0,131,6,31
2026-07-24 00:00:00,EMP-1032,Engineering,0.7,0,0,115,6.6,26
2026-07-24 00:00:00,EMP-1033,Product,0,0,0,78,7.3,13
2026-07-24 00:00:00,EMP-1034,Sales,0,0,0,98,5.4,25
2026-07-24 00:00:00,EMP-1035,Customer Success,1.1,0,0,100,6.2,31
2026-07-24 00:00:00,EMP-1036,HR,0,0,0,74,7.2,14
2026-07-24 00:00:00,EMP-1037,Finance,0.7,0,0,75,5.8,28
2026-07-24 00:00:00,EMP-1038,Engineering,1.6,0,0,142,9,15
2026-07-24 00:00:00,EMP-1039,Product,0,8,0,0,4.8,27
2026-07-24 00:00:00,EMP-1040,Sales,0,0,0,113,7.1,18
2026-07-24 00:00:00,EMP-1041,Customer Success,2.6,0,0,98,8.6,33
2026-07-24 00:00:00,EMP-1042,HR,0.9,0,0,80,4.8,33
2026-07-24 00:00:00,EMP-1043,Finance,1.3,0,0,100,7.1,24
2026-07-24 00:00:00,EMP-1044,Engineering,4.5,0,0,108,7.9,52
2026-07-24 00:00:00,EMP-1045,Product,0,0,0,76,6.8,23
2026-07-24 00:00:00,EMP-1046,Sales,0.1,0,0,119,7.6,19
2026-07-24 00:00:00,EMP-1047,Customer Success,0.1,0,0,100,7.2,20
2026-07-24 00:00:00,EMP-1048,HR,0,0,1,0,6,47
2026-07-24 00:00:00,EMP-1049,Finance,0,0,0,34,5.5,25
2026-07-24 00:00:00,EMP-1050,Engineering,3.8,0,0,145,5.3,54
2026-07-24 00:00:00,EMP-1051,Product,0.7,0,0,108,6.8,28
2026-07-24 00:00:00,EMP-1052,Sales,3.9,0,0,94,7.2,48
2026-07-24 00:00:00,EMP-1053,Customer Success,0.3,0,0,110,9.1,10
2026-07-24 00:00:00,EMP-1054,HR,0.8,0,0,106,6.2,27
2026-07-24 00:00:00,EMP-1055,Finance,0,0,0,67,8.2,11
2026-07-24 00:00:00,EMP-1056,Engineering,3.2,0,0,97,8.2,37
2026-07-24 00:00:00,EMP-1057,Product,0,0,0,75,7.1,15
2026-07-24 00:00:00,EMP-1058,Sales,1.3,0,0,59,5.5,32
2026-07-24 00:00:00,EMP-1059,Customer Success,2.2,0,0,37,8.4,27
2026-07-24 00:00:00,EMP-1060,HR,0.8,0,0,74,3.9,43
2026-07-24 00:00:00,EMP-1061,Finance,0,0,0,80,4.4,32
2026-07-24 00:00:00,EMP-1062,Engineering,1,0,0,161,5.7,33
2026-07-24 00:00:00,EMP-1063,Product,0,0,0,120,7.8,11
2026-07-24 00:00:00,EMP-1064,Sales,1.9,0,0,98,7.2,31
2026-07-24 00:00:00,EMP-1065,Customer Success,0,0,1,0,7.6,37
2026-07-24 00:00:00,EMP-1066,HR,1.8,0,0,137,5.6,40
2026-07-24 00:00:00,EMP-1067,Finance,0.8,0,0,47,4.6,39
2026-07-24 00:00:00,EMP-1068,Engineering,1.7,0,0,98,6.9,29
2026-07-24 00:00:00,EMP-1069,Product,0.5,0,0,96,7.3,16
2026-07-24 00:00:00,EMP-1070,Sales,0.3,0,0,57,7.8,15
2026-07-24 00:00:00,EMP-1071,Customer Success,0.2,0,0,88,8,10
2026-07-24 00:00:00,EMP-1072,HR,1.4,0,0,59,8.3,21
2026-07-24 00:00:00,EMP-1073,Finance,0.7,0,0,97,5.6,35
2026-07-24 00:00:00,EMP-1074,Engineering,0,0,0,125,5.6,29
2026-07-24 00:00:00,EMP-1075,Product,0.3,0,0,72,5.3,25
2026-07-24 00:00:00,EMP-1076,Sales,0.5,0,0,81,8.1,18
2026-07-24 00:00:00,EMP-1077,Customer Success,3.4,0,0,57,9.2,32
2026-07-24 00:00:00,EMP-1078,HR,0,0,0,124,6.1,18
2026-07-24 00:00:00,EMP-1079,Finance,0,0,1,0,9.7,17
2026-07-24 00:00:00,EMP-1080,Engineering,0.8,0,0,99,6.4,27
2026-07-24 00:00:00,EMP-1081,Product,0.6,0,0,74,5.6,32
2026-07-24 00:00:00,EMP-1082,Sales,1.3,0,0,90,8,24
2026-07-24 00:00:00,EMP-1083,Customer Success,0.5,0,0,86,7.8,13
2026-07-24 00:00:00,EMP-1084,HR,0.7,0,0,88,8,15
2026-07-24 00:00:00,EMP-1085,Finance,0,0,0,91,7.1,17
2026-07-24 00:00:00,EMP-1086,Engineering,0,0,0,147,7.3,12
2026-07-24 00:00:00,EMP-1087,Product,1.2,0,0,59,5.6,38
2026-07-24 00:00:00,EMP-1088,Sales,0,0,0,22,5.6,25
2026-07-24 00:00:00,EMP-1089,Customer Success,2.1,0,0,117,7.8,31
2026-07-24 00:00:00,EMP-1090,HR,0.1,0,0,36,7.8,10
2026-07-24 00:00:00,EMP-1091,Finance,0,0,0,81,7.8,13
2026-07-24 00:00:00,EMP-1092,Engineering,1.7,0,0,104,6.7,37
2026-07-24 00:00:00,EMP-1093,Product,0,0,0,64,5.9,20
2026-07-24 00:00:00,EMP-1094,Sales,0.5,0,0,116,7.5,22
2026-07-24 00:00:00,EMP-1095,Customer Success,2.2,0,0,75,6.4,36
2026-07-24 00:00:00,EMP-1096,HR,0,0,0,52,7.2,15
2026-07-24 00:00:00,EMP-1097,Finance,0.7,0,0,124,7.6,21
2026-07-24 00:00:00,EMP-1098,Engineering,0.1,0,0,110,6.3,20
2026-07-24 00:00:00,EMP-1099,Product,0.8,0,0,22,3.9,43
2026-07-24 00:00:00,EMP-1100,Sales,0.1,0,0,79,6.8,17
2026-07-27 00:00:00,EMP-1001,Finance,2.5,0,0,132,7,37
2026-07-27 00:00:00,EMP-1002,Engineering,2.7,0,0,124,5.2,49
2026-07-27 00:00:00,EMP-1003,Product,1.6,0,0,41,4.3,43
2026-07-27 00:00:00,EMP-1004,Sales,0,0,0,44,6.9,21
2026-07-27 00:00:00,EMP-1005,Customer Success,2.8,0,0,108,6.5,46
2026-07-27 00:00:00,EMP-1006,HR,0,0,0,113,5.9,27
2026-07-27 00:00:00,EMP-1007,Finance,0.6,0,0,97,5.7,29
2026-07-27 00:00:00,EMP-1008,Engineering,2.9,0,0,132,6.2,42
2026-07-27 00:00:00,EMP-1009,Product,0.1,0,0,66,6.4,25
2026-07-27 00:00:00,EMP-1010,Sales,2.2,0,0,73,7.9,34
2026-07-27 00:00:00,EMP-1011,Customer Success,0.9,0,0,99,5,38
2026-07-27 00:00:00,EMP-1012,HR,0,0,0,69,7.8,10
2026-07-27 00:00:00,EMP-1013,Finance,0.9,0,0,92,7,21
2026-07-27 00:00:00,EMP-1014,Engineering,1.1,0,0,169,6.3,32
2026-07-27 00:00:00,EMP-1015,Product,0.7,0,0,71,4.7,36
2026-07-27 00:00:00,EMP-1016,Sales,0,0,1,0,9.1,26
2026-07-27 00:00:00,EMP-1017,Customer Success,2.6,0,0,111,7.6,31
2026-07-27 00:00:00,EMP-1018,HR,0.7,0,0,82,5.3,34
2026-07-27 00:00:00,EMP-1019,Finance,0,0,0,102,6.1,23
2026-07-27 00:00:00,EMP-1020,Engineering,1.5,0,0,106,8.6,19
2026-07-27 00:00:00,EMP-1021,Product,0.2,0,0,146,6.3,22
2026-07-27 00:00:00,EMP-1022,Sales,0,0,0,61,7.5,19
2026-07-27 00:00:00,EMP-1023,Customer Success,0,0,0,84,7.6,15
2026-07-27 00:00:00,EMP-1024,HR,0.6,0,0,62,8.5,15
2026-07-27 00:00:00,EMP-1025,Finance,0.5,0,0,86,7.9,12
2026-07-27 00:00:00,EMP-1026,Engineering,1.7,0,0,131,8.3,23
2026-07-27 00:00:00,EMP-1027,Product,0,0,0,92,5.8,26
2026-07-27 00:00:00,EMP-1028,Sales,0,0,0,135,5.2,27
2026-07-27 00:00:00,EMP-1029,Customer Success,0.6,0,0,90,5,36
2026-07-27 00:00:00,EMP-1030,HR,0.6,0,0,118,8.2,18
2026-07-27 00:00:00,EMP-1031,Finance,0,0,0,54,8.9,10
2026-07-27 00:00:00,EMP-1032,Engineering,2.1,0,0,151,8.2,25
2026-07-27 00:00:00,EMP-1033,Product,0,8,0,0,7.6,17
2026-07-27 00:00:00,EMP-1034,Sales,0.1,0,0,39,5.5,29
2026-07-27 00:00:00,EMP-1035,Customer Success,3.9,0,0,88,7,50
2026-07-27 00:00:00,EMP-1036,HR,1.3,0,0,46,5.1,38
2026-07-27 00:00:00,EMP-1037,Finance,0,0,0,77,8.2,11
2026-07-27 00:00:00,EMP-1038,Engineering,2.6,0,0,99,8.5,26
2026-07-27 00:00:00,EMP-1039,Product,2,0,0,104,6.2,35
2026-07-27 00:00:00,EMP-1040,Sales,0,0,0,97,7.4,16
2026-07-27 00:00:00,EMP-1041,Customer Success,2,0,0,62,6.6,31
2026-07-27 00:00:00,EMP-1042,HR,0.6,0,0,60,6.8,26
2026-07-27 00:00:00,EMP-1043,Finance,0.1,0,0,147,7.7,15
2026-07-27 00:00:00,EMP-1044,Engineering,1.6,0,0,105,7.3,31
2026-07-27 00:00:00,EMP-1045,Product,0,0,0,107,7,22
2026-07-27 00:00:00,EMP-1046,Sales,0,0,0,75,6.6,20
2026-07-27 00:00:00,EMP-1047,Customer Success,0.5,0,0,82,5.5,33
2026-07-27 00:00:00,EMP-1048,HR,1.4,0,0,108,6,36
2026-07-27 00:00:00,EMP-1049,Finance,1.7,0,0,106,5.4,38
2026-07-27 00:00:00,EMP-1050,Engineering,2.5,0,0,121,6.6,40
2026-07-27 00:00:00,EMP-1051,Product,1.1,0,0,72,8.1,18
2026-07-27 00:00:00,EMP-1052,Sales,2.2,0,0,79,4.5,49
2026-07-27 00:00:00,EMP-1053,Customer Success,0,8,0,0,6.6,15
2026-07-27 00:00:00,EMP-1054,HR,1.3,0,0,92,5.6,36
2026-07-27 00:00:00,EMP-1055,Finance,1.8,0,0,121,5.7,43
2026-07-27 00:00:00,EMP-1056,Engineering,0.5,0,0,121,7.2,18
2026-07-27 00:00:00,EMP-1057,Product,0.4,0,0,90,5.2,27
2026-07-27 00:00:00,EMP-1058,Sales,0,0,0,72,6.8,22
2026-07-27 00:00:00,EMP-1059,Customer Success,1.8,0,0,70,4.9,44
2026-07-27 00:00:00,EMP-1060,HR,2.6,0,0,95,7.9,28
2026-07-27 00:00:00,EMP-1061,Finance,2,0,0,104,7.8,28
2026-07-27 00:00:00,EMP-1062,Engineering,0.9,0,0,108,6.6,29
2026-07-27 00:00:00,EMP-1063,Product,1.3,0,0,157,7.8,23
2026-07-27 00:00:00,EMP-1064,Sales,0,0,0,94,7.6,10
2026-07-27 00:00:00,EMP-1065,Customer Success,0.2,0,0,65,7,14
2026-07-27 00:00:00,EMP-1066,HR,0.2,0,0,82,6.3,19
2026-07-27 00:00:00,EMP-1067,Finance,1.5,0,0,112,7,26
2026-07-27 00:00:00,EMP-1068,Engineering,1.7,0,0,126,6.8,34
2026-07-27 00:00:00,EMP-1069,Product,0,0,0,97,7.2,11
2026-07-27 00:00:00,EMP-1070,Sales,0.8,0,0,92,6.1,32
2026-07-27 00:00:00,EMP-1071,Customer Success,0,0,0,72,6.2,24
2026-07-27 00:00:00,EMP-1072,HR,1.7,0,0,87,5.5,41
2026-07-27 00:00:00,EMP-1073,Finance,0,0,0,96,4.6,32
2026-07-27 00:00:00,EMP-1074,Engineering,0,8,0,0,5.3,25
2026-07-27 00:00:00,EMP-1075,Product,0.3,0,0,76,5.5,32
2026-07-27 00:00:00,EMP-1076,Sales,0,0,0,90,7.3,17
2026-07-27 00:00:00,EMP-1077,Customer Success,2.1,0,0,73,5.8,39
2026-07-27 00:00:00,EMP-1078,HR,0.6,0,0,69,7.3,21
2026-07-27 00:00:00,EMP-1079,Finance,2.4,0,0,86,6,39
2026-07-27 00:00:00,EMP-1080,Engineering,0.4,0,0,143,4.1,39
2026-07-27 00:00:00,EMP-1081,Product,0,0,0,100,8.3,10
2026-07-27 00:00:00,EMP-1082,Sales,0.3,0,0,60,7.3,17
2026-07-27 00:00:00,EMP-1083,Customer Success,0.7,0,0,101,6,33
2026-07-27 00:00:00,EMP-1084,HR,0,0,0,104,7.3,19
2026-07-27 00:00:00,EMP-1085,Finance,2.1,0,0,85,9.7,22
2026-07-27 00:00:00,EMP-1086,Engineering,1.7,0,0,155,8.5,17
2026-07-27 00:00:00,EMP-1087,Product,1.9,0,0,97,6.6,33
2026-07-27 00:00:00,EMP-1088,Sales,0,0,0,60,6.3,18
2026-07-27 00:00:00,EMP-1089,Customer Success,0,0,0,92,7.4,19
2026-07-27 00:00:00,EMP-1090,HR,0.4,0,0,88,7.6,12
2026-07-27 00:00:00,EMP-1091,Finance,0,0,0,27,7.2,19
2026-07-27 00:00:00,EMP-1092,Engineering,0,0,0,110,6.6,19
2026-07-27 00:00:00,EMP-1093,Product,0,0,0,90,5,33
2026-07-27 00:00:00,EMP-1094,Sales,0.8,0,0,58,6.7,29
2026-07-27 00:00:00,EMP-1095,Customer Success,1.7,0,0,61,8.8,19
2026-07-27 00:00:00,EMP-1096,HR,1.3,0,0,88,8,17
2026-07-27 00:00:00,EMP-1097,Finance,0,0,0,48,5.9,20
2026-07-27 00:00:00,EMP-1098,Engineering,2.9,0,0,161,8.9,32
2026-07-27 00:00:00,EMP-1099,Product,0,0,0,84,9.1,10
2026-07-27 00:00:00,EMP-1100,Sales,0.3,0,0,30,6.6,26
2026-07-28 00:00:00,EMP-1001,Finance,0,0,0,41,8.1,10
2026-07-28 00:00:00,EMP-1002,Engineering,0.4,0,0,149,6.1,25
2026-07-28 00:00:00,EMP-1003,Product,1.2,0,0,34,6.4,31
2026-07-28 00:00:00,EMP-1004,Sales,0.5,0,0,125,6.4,25
2026-07-28 00:00:00,EMP-1005,Customer Success,2.2,0,0,66,5.1,48
2026-07-28 00:00:00,EMP-1006,HR,0.8,0,0,83,6.4,25
2026-07-28 00:00:00,EMP-1007,Finance,0,8,0,0,6.7,14
2026-07-28 00:00:00,EMP-1008,Engineering,2.2,0,0,166,7.1,37
2026-07-28 00:00:00,EMP-1009,Product,0.7,0,0,137,6,33
2026-07-28 00:00:00,EMP-1010,Sales,0,0,1,0,6.7,40
2026-07-28 00:00:00,EMP-1011,Customer Success,2,0,0,69,9.1,19
2026-07-28 00:00:00,EMP-1012,HR,0.4,0,0,95,6.6,23
2026-07-28 00:00:00,EMP-1013,Finance,0.9,0,0,112,5.6,30
2026-07-28 00:00:00,EMP-1014,Engineering,0.8,0,0,133,7.3,19
2026-07-28 00:00:00,EMP-1015,Product,0.9,0,0,130,5.4,29
2026-07-28 00:00:00,EMP-1016,Sales,1.1,0,0,102,7.4,24
2026-07-28 00:00:00,EMP-1017,Customer Success,0.6,0,0,132,6.9,19
2026-07-28 00:00:00,EMP-1018,HR,1.4,0,0,69,7.2,24
2026-07-28 00:00:00,EMP-1019,Finance,1.7,0,0,110,7,28
2026-07-28 00:00:00,EMP-1020,Engineering,2.6,0,0,132,8.5,31
2026-07-28 00:00:00,EMP-1021,Product,0,0,0,84,6.1,27
2026-07-28 00:00:00,EMP-1022,Sales,0,0,0,49,6.9,16
2026-07-28 00:00:00,EMP-1023,Customer Success,0.8,0,0,118,8.2,13
2026-07-28 00:00:00,EMP-1024,HR,0.5,0,0,35,7.7,18
2026-07-28 00:00:00,EMP-1025,Finance,0,0,0,64,7.7,13
2026-07-28 00:00:00,EMP-1026,Engineering,2.1,0,0,161,7.2,35
2026-07-28 00:00:00,EMP-1027,Product,0,0,0,116,6.1,24
2026-07-28 00:00:00,EMP-1028,Sales,0,0,0,65,6.6,23
2026-07-28 00:00:00,EMP-1029,Customer Success,2.4,0,0,71,7,40
2026-07-28 00:00:00,EMP-1030,HR,0.4,0,0,83,6.1,25
2026-07-28 00:00:00,EMP-1031,Finance,0.2,0,0,63,8,13
2026-07-28 00:00:00,EMP-1032,Engineering,1.9,0,0,150,4.9,44
2026-07-28 00:00:00,EMP-1033,Product,2.4,0,0,105,7.8,31
2026-07-28 00:00:00,EMP-1034,Sales,0,0,0,68,5.8,20
2026-07-28 00:00:00,EMP-1035,Customer Success,0.4,0,0,80,7,25
2026-07-28 00:00:00,EMP-1036,HR,0,0,0,65,5.3,32
2026-07-28 00:00:00,EMP-1037,Finance,0.8,0,0,74,7.1,19
2026-07-28 00:00:00,EMP-1038,Engineering,2,0,0,101,7,33
2026-07-28 00:00:00,EMP-1039,Product,0,0,0,108,6.2,21
2026-07-28 00:00:00,EMP-1040,Sales,1,0,0,60,7.9,16
2026-07-28 00:00:00,EMP-1041,Customer Success,4,0,0,77,4.9,60
2026-07-28 00:00:00,EMP-1042,HR,0,0,0,46,6.6,24
2026-07-28 00:00:00,EMP-1043,Finance,0.5,0,0,88,6.4,26
2026-07-28 00:00:00,EMP-1044,Engineering,0,0,0,112,6.4,19
2026-07-28 00:00:00,EMP-1045,Product,0,0,0,109,3.7,35
2026-07-28 00:00:00,EMP-1046,Sales,0.7,0,0,80,7,19
2026-07-28 00:00:00,EMP-1047,Customer Success,1.7,0,0,95,7.5,26
2026-07-28 00:00:00,EMP-1048,HR,0.3,0,0,99,5.3,29
2026-07-28 00:00:00,EMP-1049,Finance,1.2,0,0,70,6.6,27
2026-07-28 00:00:00,EMP-1050,Engineering,1.6,0,0,94,4.7,40
2026-07-28 00:00:00,EMP-1051,Product,1.8,0,0,80,6,41
2026-07-28 00:00:00,EMP-1052,Sales,0,0,0,57,6.8,15
2026-07-28 00:00:00,EMP-1053,Customer Success,1.2,0,0,37,6.3,33
2026-07-28 00:00:00,EMP-1054,HR,0,0,0,127,8,12
2026-07-28 00:00:00,EMP-1055,Finance,1.3,0,0,44,6.9,31
2026-07-28 00:00:00,EMP-1056,Engineering,1.4,0,0,117,6.3,35
2026-07-28 00:00:00,EMP-1057,Product,1.9,0,0,86,4.2,53
2026-07-28 00:00:00,EMP-1058,Sales,0,0,0,81,8.1,10
2026-07-28 00:00:00,EMP-1059,Customer Success,2.4,0,0,95,7.6,37
2026-07-28 00:00:00,EMP-1060,HR,1,0,0,68,6.9,25
2026-07-28 00:00:00,EMP-1061,Finance,2,0,0,85,8.2,24
2026-07-28 00:00:00,EMP-1062,Engineering,3.4,0,0,116,8.6,36
2026-07-28 00:00:00,EMP-1063,Product,0.3,0,0,68,4.4,36
2026-07-28 00:00:00,EMP-1064,Sales,0,0,0,130,6.4,18
2026-07-28 00:00:00,EMP-1065,Customer Success,3,0,0,101,7.6,35
2026-07-28 00:00:00,EMP-1066,HR,0.3,0,0,81,7.9,10
2026-07-28 00:00:00,EMP-1067,Finance,0,0,1,0,7.9,33
2026-07-28 00:00:00,EMP-1068,Engineering,1.5,0,0,136,7,32
2026-07-28 00:00:00,EMP-1069,Product,0.6,0,0,69,6.4,25
2026-07-28 00:00:00,EMP-1070,Sales,1.1,0,0,60,5.6,30
2026-07-28 00:00:00,EMP-1071,Customer Success,0,0,1,0,5.8,42
2026-07-28 00:00:00,EMP-1072,HR,0.7,0,0,71,6.6,24
2026-07-28 00:00:00,EMP-1073,Finance,0.2,0,0,71,7.8,15
2026-07-28 00:00:00,EMP-1074,Engineering,0,0,0,134,7,20
2026-07-28 00:00:00,EMP-1075,Product,0.1,0,0,85,6.4,20
2026-07-28 00:00:00,EMP-1076,Sales,0,0,0,95,6.4,21
2026-07-28 00:00:00,EMP-1077,Customer Success,0,0,0,106,6.8,21
2026-07-28 00:00:00,EMP-1078,HR,1.9,0,0,72,6.4,35
2026-07-28 00:00:00,EMP-1079,Finance,2,0,0,69,6.3,41
2026-07-28 00:00:00,EMP-1080,Engineering,0.1,0,0,156,6.7,20
2026-07-28 00:00:00,EMP-1081,Product,2,0,0,60,7.5,35
2026-07-28 00:00:00,EMP-1082,Sales,0,0,0,12,7.5,11
2026-07-28 00:00:00,EMP-1083,Customer Success,1.1,0,0,98,7.7,18
2026-07-28 00:00:00,EMP-1084,HR,0.4,0,0,82,5.7,31
2026-07-28 00:00:00,EMP-1085,Finance,1.4,0,0,77,6.7,26
2026-07-28 00:00:00,EMP-1086,Engineering,2.1,0,0,91,7.9,27
2026-07-28 00:00:00,EMP-1087,Product,1,0,0,69,6.9,22
2026-07-28 00:00:00,EMP-1088,Sales,2.4,0,0,92,6.9,35
2026-07-28 00:00:00,EMP-1089,Customer Success,1.4,0,0,25,6.8,34
2026-07-28 00:00:00,EMP-1090,HR,0.2,0,0,125,5.7,27
2026-07-28 00:00:00,EMP-1091,Finance,0,0,0,79,8.2,12
2026-07-28 00:00:00,EMP-1092,Engineering,0,0,0,126,6.2,20
2026-07-28 00:00:00,EMP-1093,Product,2.5,0,0,67,6.1,45
2026-07-28 00:00:00,EMP-1094,Sales,0,0,0,79,8,10
2026-07-28 00:00:00,EMP-1095,Customer Success,1.3,0,0,73,6.9,31
2026-07-28 00:00:00,EMP-1096,HR,0,0,0,57,7.4,10
2026-07-28 00:00:00,EMP-1097,Finance,0,0,0,62,8.1,12
2026-07-28 00:00:00,EMP-1098,Engineering,2.4,0,0,148,9.8,24
2026-07-28 00:00:00,EMP-1099,Product,1,0,0,123,6.6,27
2026-07-28 00:00:00,EMP-1100,Sales,0,0,0,64,7.5,19
2026-07-29 00:00:00,EMP-1001,Finance,0,0,0,85,6.7,15
2026-07-29 00:00:00,EMP-1002,Engineering,0,0,0,128,5.8,21
2026-07-29 00:00:00,EMP-1003,Product,0,0,0,82,6.1,23
2026-07-29 00:00:00,EMP-1004,Sales,0.9,0,0,91,7.8,15
2026-07-29 00:00:00,EMP-1005,Customer Success,3.7,0,0,109,8.9,37
2026-07-29 00:00:00,EMP-1006,HR,0,0,0,37,6.8,23
2026-07-29 00:00:00,EMP-1007,Finance,0.7,0,0,62,10,10
2026-07-29 00:00:00,EMP-1008,Engineering,0,0,0,116,7.8,14
2026-07-29 00:00:00,EMP-1009,Product,0,0,0,89,6.1,22
2026-07-29 00:00:00,EMP-1010,Sales,0,0,0,114,6.3,21
2026-07-29 00:00:00,EMP-1011,Customer Success,0.8,0,0,93,5.7,36
2026-07-29 00:00:00,EMP-1012,HR,1.6,0,0,93,6.6,28
2026-07-29 00:00:00,EMP-1013,Finance,0,0,1,0,6.2,42
2026-07-29 00:00:00,EMP-1014,Engineering,0,0,1,0,5.1,45
2026-07-29 00:00:00,EMP-1015,Product,4.1,0,0,111,7.8,46
2026-07-29 00:00:00,EMP-1016,Sales,0,0,0,80,6.7,23
2026-07-29 00:00:00,EMP-1017,Customer Success,0.2,0,0,22,7,17
2026-07-29 00:00:00,EMP-1018,HR,1.2,0,0,76,4.1,49
2026-07-29 00:00:00,EMP-1019,Finance,2,0,0,108,5.7,36
2026-07-29 00:00:00,EMP-1020,Engineering,0.1,0,0,130,5.9,27
2026-07-29 00:00:00,EMP-1021,Product,0,8,0,0,7.3,20
2026-07-29 00:00:00,EMP-1022,Sales,1.2,0,0,114,6.5,32
2026-07-29 00:00:00,EMP-1023,Customer Success,0,0,0,90,7.5,13
2026-07-29 00:00:00,EMP-1024,HR,1.3,0,0,125,8.4,23
2026-07-29 00:00:00,EMP-1025,Finance,1.1,0,0,122,6.2,31
2026-07-29 00:00:00,EMP-1026,Engineering,0.9,0,0,116,7.5,22
2026-07-29 00:00:00,EMP-1027,Product,2,0,0,92,5.4,45
2026-07-29 00:00:00,EMP-1028,Sales,0,8,0,0,5.2,23
2026-07-29 00:00:00,EMP-1029,Customer Success,3.4,0,0,98,5.5,52
2026-07-29 00:00:00,EMP-1030,HR,1.3,0,0,57,8.1,24
2026-07-29 00:00:00,EMP-1031,Finance,0.6,0,0,94,7.2,21
2026-07-29 00:00:00,EMP-1032,Engineering,3,0,0,125,6.1,43
2026-07-29 00:00:00,EMP-1033,Product,1.3,0,0,96,7.9,18
2026-07-29 00:00:00,EMP-1034,Sales,0,0,0,100,6,25
2026-07-29 00:00:00,EMP-1035,Customer Success,1.5,0,0,45,7.3,26
2026-07-29 00:00:00,EMP-1036,HR,0,0,0,94,5.7,25
2026-07-29 00:00:00,EMP-1037,Finance,0,0,0,108,6.8,17
2026-07-29 00:00:00,EMP-1038,Engineering,3,0,0,125,6.7,39
2026-07-29 00:00:00,EMP-1039,Product,0,8,0,0,4.8,26
2026-07-29 00:00:00,EMP-1040,Sales,0.2,0,0,92,5.9,29
2026-07-29 00:00:00,EMP-1041,Customer Success,1.8,0,0,47,5.6,35
2026-07-29 00:00:00,EMP-1042,HR,1.2,0,0,105,4.6,46
2026-07-29 00:00:00,EMP-1043,Finance,0.3,0,0,61,8.8,10
2026-07-29 00:00:00,EMP-1044,Engineering,1.1,0,0,107,8.1,23
2026-07-29 00:00:00,EMP-1045,Product,0,0,0,67,7.3,13
2026-07-29 00:00:00,EMP-1046,Sales,0,0,0,112,8.2,10
2026-07-29 00:00:00,EMP-1047,Customer Success,0,8,0,0,7.7,10
2026-07-29 00:00:00,EMP-1048,HR,0,0,0,92,7.2,14
2026-07-29 00:00:00,EMP-1049,Finance,0,0,0,36,8.1,15
2026-07-29 00:00:00,EMP-1050,Engineering,0.6,0,0,135,5.2,31
2026-07-29 00:00:00,EMP-1051,Product,1,0,0,79,8.5,17
2026-07-29 00:00:00,EMP-1052,Sales,1.5,0,0,83,6.4,29
2026-07-29 00:00:00,EMP-1053,Customer Success,1.3,0,0,89,6.9,33
2026-07-29 00:00:00,EMP-1054,HR,0,0,0,67,5.8,20
2026-07-29 00:00:00,EMP-1055,Finance,0,8,0,0,8.5,10
2026-07-29 00:00:00,EMP-1056,Engineering,0,0,1,0,6.8,43
2026-07-29 00:00:00,EMP-1057,Product,0,0,0,77,7.8,16
2026-07-29 00:00:00,EMP-1058,Sales,0,0,0,79,5.8,22
2026-07-29 00:00:00,EMP-1059,Customer Success,0.1,0,0,77,6.4,25
2026-07-29 00:00:00,EMP-1060,HR,0.3,0,0,106,7.6,12
2026-07-29 00:00:00,EMP-1061,Finance,0,0,0,84,7,21
2026-07-29 00:00:00,EMP-1062,Engineering,1.5,0,0,92,6.8,31
2026-07-29 00:00:00,EMP-1063,Product,0.5,0,0,88,6.5,29
2026-07-29 00:00:00,EMP-1064,Sales,2,0,0,99,7.8,30
2026-07-29 00:00:00,EMP-1065,Customer Success,2,0,0,59,6.9,33
2026-07-29 00:00:00,EMP-1066,HR,0.2,0,0,102,5.8,28
2026-07-29 00:00:00,EMP-1067,Finance,1.6,0,0,116,7.2,33
2026-07-29 00:00:00,EMP-1068,Engineering,1.7,0,0,84,6.9,33
2026-07-29 00:00:00,EMP-1069,Product,0,0,0,74,5.8,24
2026-07-29 00:00:00,EMP-1070,Sales,0,0,0,46,6.2,17
2026-07-29 00:00:00,EMP-1071,Customer Success,1.6,0,0,78,6.9,26
2026-07-29 00:00:00,EMP-1072,HR,2.8,0,0,102,6.3,40
2026-07-29 00:00:00,EMP-1073,Finance,1.3,0,0,125,5.1,40
2026-07-29 00:00:00,EMP-1074,Engineering,1.5,0,0,137,6.2,34
2026-07-29 00:00:00,EMP-1075,Product,0,8,0,0,7.6,15
2026-07-29 00:00:00,EMP-1076,Sales,3.1,0,0,51,6.6,46
2026-07-29 00:00:00,EMP-1077,Customer Success,1.1,0,0,56,7,22
2026-07-29 00:00:00,EMP-1078,HR,1,0,0,76,6.7,27
2026-07-29 00:00:00,EMP-1079,Finance,2.2,0,0,106,4.7,48
2026-07-29 00:00:00,EMP-1080,Engineering,0,0,1,0,6,42
2026-07-29 00:00:00,EMP-1081,Product,1.7,0,0,124,5.4,43
2026-07-29 00:00:00,EMP-1082,Sales,0,0,0,107,8.2,10
2026-07-29 00:00:00,EMP-1083,Customer Success,1.3,0,0,101,7.2,24
2026-07-29 00:00:00,EMP-1084,HR,0,0,0,77,7.1,14
2026-07-29 00:00:00,EMP-1085,Finance,0.9,0,0,62,7.1,23
2026-07-29 00:00:00,EMP-1086,Engineering,2.5,0,0,134,6.6,40
2026-07-29 00:00:00,EMP-1087,Product,2,0,0,112,5.4,44
2026-07-29 00:00:00,EMP-1088,Sales,0,0,0,99,6.1,22
2026-07-29 00:00:00,EMP-1089,Customer Success,1.7,0,0,55,9,18
2026-07-29 00:00:00,EMP-1090,HR,0,8,0,0,8,13
2026-07-29 00:00:00,EMP-1091,Finance,0.6,0,0,71,7.3,20
2026-07-29 00:00:00,EMP-1092,Engineering,1.3,0,0,100,6.8,25
2026-07-29 00:00:00,EMP-1093,Product,0,0,0,101,8,10
2026-07-29 00:00:00,EMP-1094,Sales,0,0,0,92,7.9,15
2026-07-29 00:00:00,EMP-1095,Customer Success,3,0,0,102,4.9,57
2026-07-29 00:00:00,EMP-1096,HR,1.2,0,0,7,7,27
2026-07-29 00:00:00,EMP-1097,Finance,3,0,0,91,6.1,51
2026-07-29 00:00:00,EMP-1098,Engineering,2.4,0,0,134,6.4,43
2026-07-29 00:00:00,EMP-1099,Product,0.5,0,0,81,6.1,26
2026-07-29 00:00:00,EMP-1100,Sales,0.8,0,0,101,7.3,17
2026-07-30 00:00:00,EMP-1001,Finance,0,0,0,82,6.3,26
2026-07-30 00:00:00,EMP-1002,Engineering,0,0,0,109,7.1,12
2026-07-30 00:00:00,EMP-1003,Product,0.4,0,0,50,5.1,30
2026-07-30 00:00:00,EMP-1004,Sales,0,0,0,70,8.1,10
2026-07-30 00:00:00,EMP-1005,Customer Success,1.8,0,0,92,4.8,45
2026-07-30 00:00:00,EMP-1006,HR,0,0,0,103,6,23
2026-07-30 00:00:00,EMP-1007,Finance,1,0,0,86,6.4,33
2026-07-30 00:00:00,EMP-1008,Engineering,1.8,0,0,84,6.5,36
2026-07-30 00:00:00,EMP-1009,Product,3.1,0,0,130,5.9,45
2026-07-30 00:00:00,EMP-1010,Sales,0,0,0,64,6.1,23
2026-07-30 00:00:00,EMP-1011,Customer Success,0.6,0,0,101,8.5,10
2026-07-30 00:00:00,EMP-1012,HR,0,0,0,58,9.7,10
2026-07-30 00:00:00,EMP-1013,Finance,0.1,0,0,106,5.7,30
2026-07-30 00:00:00,EMP-1014,Engineering,2.9,0,0,80,6.9,45
2026-07-30 00:00:00,EMP-1015,Product,1.3,0,0,80,4.8,45
2026-07-30 00:00:00,EMP-1016,Sales,0.9,0,0,71,6.7,26
2026-07-30 00:00:00,EMP-1017,Customer Success,2.2,0,0,100,4.5,49
2026-07-30 00:00:00,EMP-1018,HR,0.6,0,0,79,7.1,18
2026-07-30 00:00:00,EMP-1019,Finance,2.2,0,0,109,4.3,47
2026-07-30 00:00:00,EMP-1020,Engineering,4.3,0,0,127,7.3,51
2026-07-30 00:00:00,EMP-1021,Product,0.4,0,0,75,5.6,30
2026-07-30 00:00:00,EMP-1022,Sales,1.1,0,0,106,7.9,18
2026-07-30 00:00:00,EMP-1023,Customer Success,2.5,0,0,84,5.1,46
2026-07-30 00:00:00,EMP-1024,HR,0.2,0,0,71,7,15
2026-07-30 00:00:00,EMP-1025,Finance,0,0,0,104,6.9,19
2026-07-30 00:00:00,EMP-1026,Engineering,3.7,0,0,85,6.1,53
2026-07-30 00:00:00,EMP-1027,Product,1.7,0,0,119,5.8,33
2026-07-30 00:00:00,EMP-1028,Sales,1.1,0,0,86,8,24
2026-07-30 00:00:00,EMP-1029,Customer Success,0.3,0,0,42,6.8,20
2026-07-30 00:00:00,EMP-1030,HR,0,0,0,115,6,19
2026-07-30 00:00:00,EMP-1031,Finance,3.7,0,0,105,5.4,58
2026-07-30 00:00:00,EMP-1032,Engineering,0,0,0,126,5.8,21
2026-07-30 00:00:00,EMP-1033,Product,0,0,1,0,6.9,38
2026-07-30 00:00:00,EMP-1034,Sales,0,0,0,53,7.1,21
2026-07-30 00:00:00,EMP-1035,Customer Success,0,0,1,0,5.6,47
2026-07-30 00:00:00,EMP-1036,HR,0,0,0,126,7.2,13
2026-07-30 00:00:00,EMP-1037,Finance,1,0,0,72,6.3,27
2026-07-30 00:00:00,EMP-1038,Engineering,1.8,0,0,95,5.4,46
2026-07-30 00:00:00,EMP-1039,Product,3.1,0,0,107,8,31
2026-07-30 00:00:00,EMP-1040,Sales,1.1,0,0,133,3.6,46
2026-07-30 00:00:00,EMP-1041,Customer Success,0,8,0,0,7.3,18
2026-07-30 00:00:00,EMP-1042,HR,0.5,0,0,89,7.3,16
2026-07-30 00:00:00,EMP-1043,Finance,1.2,0,0,117,8.1,23
2026-07-30 00:00:00,EMP-1044,Engineering,1.9,0,0,101,6.8,32
2026-07-30 00:00:00,EMP-1045,Product,1.8,0,0,89,7.4,26
2026-07-30 00:00:00,EMP-1046,Sales,0.4,0,0,58,8,16
2026-07-30 00:00:00,EMP-1047,Customer Success,1.4,0,0,84,5.5,40
2026-07-30 00:00:00,EMP-1048,HR,1,0,0,48,5.2,31
2026-07-30 00:00:00,EMP-1049,Finance,2.6,0,0,81,5.5,42
2026-07-30 00:00:00,EMP-1050,Engineering,0,0,0,166,8,16
2026-07-30 00:00:00,EMP-1051,Product,0,0,0,119,6.6,22
2026-07-30 00:00:00,EMP-1052,Sales,0,0,0,82,7.5,19
2026-07-30 00:00:00,EMP-1053,Customer Success,2.4,0,0,162,7.8,34
2026-07-30 00:00:00,EMP-1054,HR,0,0,0,93,7.1,19
2026-07-30 00:00:00,EMP-1055,Finance,1.8,0,0,120,7.4,31
2026-07-30 00:00:00,EMP-1056,Engineering,2.1,0,0,121,7.1,35
2026-07-30 00:00:00,EMP-1057,Product,0.6,0,0,72,4.3,40
2026-07-30 00:00:00,EMP-1058,Sales,3,0,0,139,7.6,34
2026-07-30 00:00:00,EMP-1059,Customer Success,0.3,0,0,73,8.3,11
2026-07-30 00:00:00,EMP-1060,HR,0.5,0,0,103,7.4,23
2026-07-30 00:00:00,EMP-1061,Finance,1.4,0,0,144,9.4,11
2026-07-30 00:00:00,EMP-1062,Engineering,0,0,1,0,6,45
2026-07-30 00:00:00,EMP-1063,Product,0.3,0,0,64,7.8,19
2026-07-30 00:00:00,EMP-1064,Sales,1.8,0,0,113,7,34
2026-07-30 00:00:00,EMP-1065,Customer Success,2,0,0,105,6.5,35
2026-07-30 00:00:00,EMP-1066,HR,0,8,0,0,7.1,19
2026-07-30 00:00:00,EMP-1067,Finance,0.7,0,0,35,7.9,13
2026-07-30 00:00:00,EMP-1068,Engineering,1,0,0,137,6.4,32
2026-07-30 00:00:00,EMP-1069,Product,0,0,0,106,7.9,15
2026-07-30 00:00:00,EMP-1070,Sales,0,0,0,100,4.9,30
2026-07-30 00:00:00,EMP-1071,Customer Success,1.4,0,0,43,7,27
2026-07-30 00:00:00,EMP-1072,HR,0,0,0,41,7.1,19
2026-07-30 00:00:00,EMP-1073,Finance,0.6,0,0,74,7.4,22
2026-07-30 00:00:00,EMP-1074,Engineering,1.5,0,0,139,4.9,38
2026-07-30 00:00:00,EMP-1075,Product,0,8,0,0,7.6,15
2026-07-30 00:00:00,EMP-1076,Sales,0.2,0,0,61,7.7,13
2026-07-30 00:00:00,EMP-1077,Customer Success,2.6,0,0,56,5.9,40
2026-07-30 00:00:00,EMP-1078,HR,0.6,0,0,110,7.4,20
2026-07-30 00:00:00,EMP-1079,Finance,3,0,0,101,7.6,40
2026-07-30 00:00:00,EMP-1080,Engineering,3.1,0,0,126,5.6,47
2026-07-30 00:00:00,EMP-1081,Product,1,0,0,83,6.4,27
2026-07-30 00:00:00,EMP-1082,Sales,0,0,0,126,6.1,27
2026-07-30 00:00:00,EMP-1083,Customer Success,0.8,0,0,50,8,19
2026-07-30 00:00:00,EMP-1084,HR,0.3,0,0,102,6,27
2026-07-30 00:00:00,EMP-1085,Finance,0.2,0,0,84,7,20
2026-07-30 00:00:00,EMP-1086,Engineering,1.6,0,0,153,7.7,27
2026-07-30 00:00:00,EMP-1087,Product,0,0,1,0,6,40
2026-07-30 00:00:00,EMP-1088,Sales,0,8,0,0,6,23
2026-07-30 00:00:00,EMP-1089,Customer Success,0,0,1,0,6.3,41
2026-07-30 00:00:00,EMP-1090,HR,1.8,0,0,104,5.4,43
2026-07-30 00:00:00,EMP-1091,Finance,0.9,0,0,87,4.5,41
2026-07-30 00:00:00,EMP-1092,Engineering,0,8,0,0,7.6,10
2026-07-30 00:00:00,EMP-1093,Product,0.3,0,0,56,7.1,17
2026-07-30 00:00:00,EMP-1094,Sales,0,0,0,95,4.7,29
2026-07-30 00:00:00,EMP-1095,Customer Success,0,0,1,0,5.6,47
2026-07-30 00:00:00,EMP-1096,HR,0,0,0,97,6.2,21
2026-07-30 00:00:00,EMP-1097,Finance,0,0,0,38,6.7,21
2026-07-30 00:00:00,EMP-1098,Engineering,1.5,0,0,125,6.3,36
2026-07-30 00:00:00,EMP-1099,Product,1.7,0,0,36,6.4,31
2026-07-30 00:00:00,EMP-1100,Sales,0.8,0,0,116,5.7,31
2026-07-31 00:00:00,EMP-1001,Finance,0.2,0,0,120,5.7,22
2026-07-31 00:00:00,EMP-1002,Engineering,0,0,0,105,6.4,16
2026-07-31 00:00:00,EMP-1003,Product,1.3,0,0,86,6.9,25
2026-07-31 00:00:00,EMP-1004,Sales,0,0,0,87,5.5,29
2026-07-31 00:00:00,EMP-1005,Customer Success,0.8,0,0,88,7.2,26
2026-07-31 00:00:00,EMP-1006,HR,2.9,0,0,85,4,56
2026-07-31 00:00:00,EMP-1007,Finance,3.1,0,0,93,7.6,37
2026-07-31 00:00:00,EMP-1008,Engineering,2.4,0,0,114,6.1,38
2026-07-31 00:00:00,EMP-1009,Product,0,0,0,78,7.2,20
2026-07-31 00:00:00,EMP-1010,Sales,3,0,0,140,5.7,52
2026-07-31 00:00:00,EMP-1011,Customer Success,0.2,0,0,102,8.7,11
2026-07-31 00:00:00,EMP-1012,HR,1.5,0,0,106,6.6,36
2026-07-31 00:00:00,EMP-1013,Finance,0.3,0,0,108,6.5,26
2026-07-31 00:00:00,EMP-1014,Engineering,0,0,0,108,5,34
2026-07-31 00:00:00,EMP-1015,Product,0.6,0,0,79,4.4,35
2026-07-31 00:00:00,EMP-1016,Sales,1.5,0,0,96,7.1,31
2026-07-31 00:00:00,EMP-1017,Customer Success,1.3,0,0,101,6,36
2026-07-31 00:00:00,EMP-1018,HR,1.6,0,0,51,7.7,30
2026-07-31 00:00:00,EMP-1019,Finance,1.2,0,0,75,10,10
2026-07-31 00:00:00,EMP-1020,Engineering,3.5,0,0,135,4.3,60
2026-07-31 00:00:00,EMP-1021,Product,0.1,0,0,117,5.6,31
2026-07-31 00:00:00,EMP-1022,Sales,0,0,0,54,8.4,13
2026-07-31 00:00:00,EMP-1023,Customer Success,2.8,0,0,77,6,43
2026-07-31 00:00:00,EMP-1024,HR,1.5,0,0,104,5.6,42
2026-07-31 00:00:00,EMP-1025,Finance,0,0,0,80,5,29
2026-07-31 00:00:00,EMP-1026,Engineering,1.1,0,0,154,7.2,27
2026-07-31 00:00:00,EMP-1027,Product,0,0,0,79,6.6,18
2026-07-31 00:00:00,EMP-1028,Sales,1.1,0,0,63,7.5,25
2026-07-31 00:00:00,EMP-1029,Customer Success,2.8,0,0,90,7,39
2026-07-31 00:00:00,EMP-1030,HR,0.5,0,0,70,7.2,23
2026-07-31 00:00:00,EMP-1031,Finance,0,0,0,74,6.7,14
2026-07-31 00:00:00,EMP-1032,Engineering,2.5,0,0,103,7,34
2026-07-31 00:00:00,EMP-1033,Product,1,0,0,77,5.9,30
2026-07-31 00:00:00,EMP-1034,Sales,0.1,0,0,78,5.4,30
2026-07-31 00:00:00,EMP-1035,Customer Success,0.2,0,0,91,8.6,10
2026-07-31 00:00:00,EMP-1036,HR,0,0,0,119,6.2,18
2026-07-31 00:00:00,EMP-1037,Finance,0.7,0,0,114,6.2,23
2026-07-31 00:00:00,EMP-1038,Engineering,2.6,0,0,92,7.8,35
2026-07-31 00:00:00,EMP-1039,Product,0.6,0,0,61,6.6,20
2026-07-31 00:00:00,EMP-1040,Sales,0,0,0,39,5.8,21
2026-07-31 00:00:00,EMP-1041,Customer Success,1.4,0,0,121,6.4,32
2026-07-31 00:00:00,EMP-1042,HR,0,0,0,116,7.3,20
2026-07-31 00:00:00,EMP-1043,Finance,1.4,0,0,105,5.5,33
2026-07-31 00:00:00,EMP-1044,Engineering,1.6,0,0,141,6.8,31
2026-07-31 00:00:00,EMP-1045,Product,2.1,0,0,47,5.2,45
2026-07-31 00:00:00,EMP-1046,Sales,0,0,0,87,7,13
2026-07-31 00:00:00,EMP-1047,Customer Success,3.6,0,0,86,5.3,60
2026-07-31 00:00:00,EMP-1048,HR,0,0,1,0,6.1,46
2026-07-31 00:00:00,EMP-1049,Finance,0,0,0,113,5.8,22
2026-07-31 00:00:00,EMP-1050,Engineering,0.9,0,0,98,8.3,13
2026-07-31 00:00:00,EMP-1051,Product,0,0,0,77,7.5,14
2026-07-31 00:00:00,EMP-1052,Sales,0,0,0,69,5.5,24
2026-07-31 00:00:00,EMP-1053,Customer Success,4,0,0,79,3,72
2026-07-31 00:00:00,EMP-1054,HR,2.2,0,0,109,6.8,40
2026-07-31 00:00:00,EMP-1055,Finance,0.7,0,0,120,9.2,12
2026-07-31 00:00:00,EMP-1056,Engineering,1.3,0,0,87,7.8,23
2026-07-31 00:00:00,EMP-1057,Product,1,0,0,93,3.7,44
2026-07-31 00:00:00,EMP-1058,Sales,0,0,0,90,7.5,13
2026-07-31 00:00:00,EMP-1059,Customer Success,1.8,0,0,104,7.6,27
2026-07-31 00:00:00,EMP-1060,HR,0.3,0,0,88,8,17
2026-07-31 00:00:00,EMP-1061,Finance,1.7,0,0,60,7.3,30
2026-07-31 00:00:00,EMP-1062,Engineering,2.6,0,0,70,6.5,40
2026-07-31 00:00:00,EMP-1063,Product,0,0,0,111,7.9,10
2026-07-31 00:00:00,EMP-1064,Sales,3.3,0,0,101,6.4,44
2026-07-31 00:00:00,EMP-1065,Customer Success,2.7,0,0,82,5.5,43
2026-07-31 00:00:00,EMP-1066,HR,2.7,0,0,86,7.5,31
2026-07-31 00:00:00,EMP-1067,Finance,0,8,0,0,6.5,22
2026-07-31 00:00:00,EMP-1068,Engineering,2.7,0,0,155,5.3,50
2026-07-31 00:00:00,EMP-1069,Product,0.7,0,0,66,8,20
2026-07-31 00:00:00,EMP-1070,Sales,1,0,0,94,5.8,33
2026-07-31 00:00:00,EMP-1071,Customer Success,0.9,0,0,106,5.5,34
2026-07-31 00:00:00,EMP-1072,HR,0,0,0,79,6.6,18
2026-07-31 00:00:00,EMP-1073,Finance,1.3,0,0,91,8.2,24
2026-07-31 00:00:00,EMP-1074,Engineering,0,0,0,132,7.6,17
2026-07-31 00:00:00,EMP-1075,Product,1.7,0,0,73,7.2,29
2026-07-31 00:00:00,EMP-1076,Sales,0,0,0,69,7.8,10
2026-07-31 00:00:00,EMP-1077,Customer Success,1.2,0,0,93,5.8,31
2026-07-31 00:00:00,EMP-1078,HR,1.8,0,0,80,9.8,13
2026-07-31 00:00:00,EMP-1079,Finance,1,0,0,62,7.6,25
2026-07-31 00:00:00,EMP-1080,Engineering,0,0,0,109,7.6,13
2026-07-31 00:00:00,EMP-1081,Product,0,0,0,95,6.6,18
2026-07-31 00:00:00,EMP-1082,Sales,1.3,0,0,75,7.2,29
2026-07-31 00:00:00,EMP-1083,Customer Success,1.1,0,0,37,6.5,24
2026-07-31 00:00:00,EMP-1084,HR,0,0,0,32,8.3,13
2026-07-31 00:00:00,EMP-1085,Finance,2.9,0,0,90,6.3,46
2026-07-31 00:00:00,EMP-1086,Engineering,1.9,0,0,85,6.1,42
2026-07-31 00:00:00,EMP-1087,Product,0,0,0,36,6,28
2026-07-31 00:00:00,EMP-1088,Sales,0.7,0,0,89,8,18
2026-07-31 00:00:00,EMP-1089,Customer Success,1,0,0,122,9.4,13
2026-07-31 00:00:00,EMP-1090,HR,0.2,0,0,39,7,23
2026-07-31 00:00:00,EMP-1091,Finance,0,0,0,94,8.1,10
2026-07-31 00:00:00,EMP-1092,Engineering,0,0,0,116,4.4,36
2026-07-31 00:00:00,EMP-1093,Product,0.2,0,0,109,7.3,13
2026-07-31 00:00:00,EMP-1094,Sales,0.8,0,0,95,6.2,27
2026-07-31 00:00:00,EMP-1095,Customer Success,1.8,0,0,75,8.6,19
2026-07-31 00:00:00,EMP-1096,HR,0.4,0,0,65,6.8,17
2026-07-31 00:00:00,EMP-1097,Finance,1.1,0,0,67,6.9,28
2026-07-31 00:00:00,EMP-1098,Engineering,2.5,0,0,141,7.7,30
2026-07-31 00:00:00,EMP-1099,Product,0,0,0,106,7,20
2026-07-31 00:00:00,EMP-1100,Sales,0.9,0,0,64,6.8,24
2026-08-03 00:00:00,EMP-1001,Finance,0,0,0,61,7.2,13
2026-08-03 00:00:00,EMP-1002,Engineering,3,0,0,71,6.3,45
2026-08-03 00:00:00,EMP-1003,Product,0,0,0,84,8.7,10
2026-08-03 00:00:00,EMP-1004,Sales,2.2,0,0,97,6.5,35
2026-08-03 00:00:00,EMP-1005,Customer Success,1,0,0,91,7.1,27
2026-08-03 00:00:00,EMP-1006,HR,0.5,0,0,43,5.7,27
2026-08-03 00:00:00,EMP-1007,Finance,1.3,0,0,102,4.7,37
2026-08-03 00:00:00,EMP-1008,Engineering,3.1,0,0,139,7.8,39
2026-08-03 00:00:00,EMP-1009,Product,0,0,0,66,4.8,28
2026-08-03 00:00:00,EMP-1010,Sales,0.2,0,0,86,5.5,23
2026-08-03 00:00:00,EMP-1011,Customer Success,0.8,0,0,66,4.7,42
2026-08-03 00:00:00,EMP-1012,HR,0,0,0,78,7,17
2026-08-03 00:00:00,EMP-1013,Finance,0,0,0,66,6.7,14
2026-08-03 00:00:00,EMP-1014,Engineering,2.2,0,0,121,6.1,44
2026-08-03 00:00:00,EMP-1015,Product,0.9,0,0,106,8.3,18
2026-08-03 00:00:00,EMP-1016,Sales,0.2,0,0,107,7.4,18
2026-08-03 00:00:00,EMP-1017,Customer Success,2,0,0,74,7.3,36
2026-08-03 00:00:00,EMP-1018,HR,0.2,0,0,68,8.1,10
2026-08-03 00:00:00,EMP-1019,Finance,0.1,0,0,24,5.2,27
2026-08-03 00:00:00,EMP-1020,Engineering,0.2,0,0,125,6.1,24
2026-08-03 00:00:00,EMP-1021,Product,1.2,0,0,120,6,28
2026-08-03 00:00:00,EMP-1022,Sales,0.6,0,0,92,7.1,24
2026-08-03 00:00:00,EMP-1023,Customer Success,0,0,0,102,6.9,13
2026-08-03 00:00:00,EMP-1024,HR,1.1,0,0,83,5.3,33
2026-08-03 00:00:00,EMP-1025,Finance,0.3,0,0,58,7.5,15
2026-08-03 00:00:00,EMP-1026,Engineering,1.1,0,0,115,9,10
2026-08-03 00:00:00,EMP-1027,Product,0.5,0,0,97,5.6,30
2026-08-03 00:00:00,EMP-1028,Sales,0,0,0,86,7.2,12
2026-08-03 00:00:00,EMP-1029,Customer Success,0,0,0,155,6.3,22
2026-08-03 00:00:00,EMP-1030,HR,0.7,0,0,65,7.5,23
2026-08-03 00:00:00,EMP-1031,Finance,2,0,0,85,5.7,38
2026-08-03 00:00:00,EMP-1032,Engineering,0,0,0,166,6.5,18
2026-08-03 00:00:00,EMP-1033,Product,0.8,0,0,71,7.5,22
2026-08-03 00:00:00,EMP-1034,Sales,0,0,0,74,9,10
2026-08-03 00:00:00,EMP-1035,Customer Success,2.2,0,0,64,7,31
2026-08-03 00:00:00,EMP-1036,HR,0.4,0,0,68,4.7,38
2026-08-03 00:00:00,EMP-1037,Finance,0,0,0,58,7.8,10
2026-08-03 00:00:00,EMP-1038,Engineering,0.2,0,0,165,7.5,11
2026-08-03 00:00:00,EMP-1039,Product,0.5,0,0,83,6.3,25
2026-08-03 00:00:00,EMP-1040,Sales,0.8,0,0,57,7.8,15
2026-08-03 00:00:00,EMP-1041,Customer Success,1.4,0,0,55,10,10
2026-08-03 00:00:00,EMP-1042,HR,0.7,0,0,71,6.5,27
2026-08-03 00:00:00,EMP-1043,Finance,0,0,0,76,6.7,15
2026-08-03 00:00:00,EMP-1044,Engineering,3.1,0,0,96,6.1,52
2026-08-03 00:00:00,EMP-1045,Product,0,0,0,79,5.7,24
2026-08-03 00:00:00,EMP-1046,Sales,1,0,0,77,6,36
2026-08-03 00:00:00,EMP-1047,Customer Success,1.1,0,0,40,6.1,27
2026-08-03 00:00:00,EMP-1048,HR,0,0,0,68,6,19
2026-08-03 00:00:00,EMP-1049,Finance,0.6,0,0,89,8.7,10
2026-08-03 00:00:00,EMP-1050,Engineering,1.1,0,0,132,8.9,16
2026-08-03 00:00:00,EMP-1051,Product,0,0,0,96,6.7,19
2026-08-03 00:00:00,EMP-1052,Sales,1.7,0,0,48,8.8,20
2026-08-03 00:00:00,EMP-1053,Customer Success,0,0,0,76,6.5,16
2026-08-03 00:00:00,EMP-1054,HR,1.4,0,0,96,8,23
2026-08-03 00:00:00,EMP-1055,Finance,0,0,0,53,8.8,10
2026-08-03 00:00:00,EMP-1056,Engineering,2.3,0,0,70,6,38
2026-08-03 00:00:00,EMP-1057,Product,0.8,0,0,74,7.4,24
2026-08-03 00:00:00,EMP-1058,Sales,0,8,0,0,6.4,22
2026-08-03 00:00:00,EMP-1059,Customer Success,0,0,0,58,8.1,13
2026-08-03 00:00:00,EMP-1060,HR,0.8,0,0,112,6.8,27
2026-08-03 00:00:00,EMP-1061,Finance,1.1,0,0,85,7.9,25
2026-08-03 00:00:00,EMP-1062,Engineering,0.7,0,0,76,5.8,34
2026-08-03 00:00:00,EMP-1063,Product,0,0,0,69,7.5,19
2026-08-03 00:00:00,EMP-1064,Sales,0.5,0,0,70,7.8,12
2026-08-03 00:00:00,EMP-1065,Customer Success,1.3,0,0,71,10,12
2026-08-03 00:00:00,EMP-1066,HR,0.8,0,0,102,7.9,15
2026-08-03 00:00:00,EMP-1067,Finance,0,0,0,104,6.8,18
2026-08-03 00:00:00,EMP-1068,Engineering,0,0,0,92,4.7,34
2026-08-03 00:00:00,EMP-1069,Product,0.9,0,0,96,8.6,15
2026-08-03 00:00:00,EMP-1070,Sales,0,0,0,63,7.1,13
2026-08-03 00:00:00,EMP-1071,Customer Success,1,0,0,136,5.8,28
2026-08-03 00:00:00,EMP-1072,HR,3,0,0,95,5,56
2026-08-03 00:00:00,EMP-1073,Finance,0,0,0,116,5.8,27
2026-08-03 00:00:00,EMP-1074,Engineering,0,0,0,143,5.7,21
2026-08-03 00:00:00,EMP-1075,Product,0,0,0,88,7.2,14
2026-08-03 00:00:00,EMP-1076,Sales,0,0,0,120,5.8,28
2026-08-03 00:00:00,EMP-1077,Customer Success,3.9,0,0,94,8.7,34
2026-08-03 00:00:00,EMP-1078,HR,0,0,0,95,6.3,18
2026-08-03 00:00:00,EMP-1079,Finance,0,8,0,0,6.2,26
2026-08-03 00:00:00,EMP-1080,Engineering,0,0,1,0,8.2,32
2026-08-03 00:00:00,EMP-1081,Product,0,0,0,110,7.3,16
2026-08-03 00:00:00,EMP-1082,Sales,1.2,0,0,45,7.8,25
2026-08-03 00:00:00,EMP-1083,Customer Success,0.8,0,0,84,6.2,28
2026-08-03 00:00:00,EMP-1084,HR,0,8,0,0,7,20
2026-08-03 00:00:00,EMP-1085,Finance,0.8,0,0,73,8.4,18
2026-08-03 00:00:00,EMP-1086,Engineering,0.2,0,0,142,6.6,23
2026-08-03 00:00:00,EMP-1087,Product,0.5,0,0,70,7.9,19
2026-08-03 00:00:00,EMP-1088,Sales,0.7,0,0,66,6.2,23
2026-08-03 00:00:00,EMP-1089,Customer Success,0.8,0,0,59,5.9,30
2026-08-03 00:00:00,EMP-1090,HR,0.7,0,0,117,7.1,18
2026-08-03 00:00:00,EMP-1091,Finance,1.6,0,0,115,9.4,17
2026-08-03 00:00:00,EMP-1092,Engineering,1.1,0,0,107,7.8,25
2026-08-03 00:00:00,EMP-1093,Product,0.1,0,0,114,6,26
2026-08-03 00:00:00,EMP-1094,Sales,1.1,0,0,151,7.5,18
2026-08-03 00:00:00,EMP-1095,Customer Success,0,0,1,0,9.6,24
2026-08-03 00:00:00,EMP-1096,HR,1.2,0,0,40,6.8,23
2026-08-03 00:00:00,EMP-1097,Finance,1.1,0,0,127,6,29
2026-08-03 00:00:00,EMP-1098,Engineering,2,0,0,124,7.3,29
2026-08-03 00:00:00,EMP-1099,Product,0.2,0,0,97,6.1,26
2026-08-03 00:00:00,EMP-1100,Sales,0.9,0,0,123,7.2,20
2026-08-04 00:00:00,EMP-1001,Finance,0.2,0,0,69,4.8,36
2026-08-04 00:00:00,EMP-1002,Engineering,0.9,0,0,116,7.7,18
2026-08-04 00:00:00,EMP-1003,Product,1,0,0,91,7.6,24
2026-08-04 00:00:00,EMP-1004,Sales,0.4,0,0,82,7.3,15
2026-08-04 00:00:00,EMP-1005,Customer Success,2.3,0,0,90,7.5,35
2026-08-04 00:00:00,EMP-1006,HR,0,0,0,97,5.9,26
2026-08-04 00:00:00,EMP-1007,Finance,0,0,1,0,6.1,39
2026-08-04 00:00:00,EMP-1008,Engineering,1.4,0,0,116,5.5,36
2026-08-04 00:00:00,EMP-1009,Product,0,0,0,73,5.8,21
2026-08-04 00:00:00,EMP-1010,Sales,1.6,0,0,96,5.3,43
2026-08-04 00:00:00,EMP-1011,Customer Success,1.5,0,0,94,7.4,28
2026-08-04 00:00:00,EMP-1012,HR,1,0,0,59,7.8,20
2026-08-04 00:00:00,EMP-1013,Finance,0.5,0,0,85,3.4,45
2026-08-04 00:00:00,EMP-1014,Engineering,2.9,0,0,85,7.9,36
2026-08-04 00:00:00,EMP-1015,Product,1.2,0,0,79,6.9,25
2026-08-04 00:00:00,EMP-1016,Sales,0.1,0,0,87,7.4,14
2026-08-04 00:00:00,EMP-1017,Customer Success,0.3,0,0,99,7.8,14
2026-08-04 00:00:00,EMP-1018,HR,0,0,1,0,6,43
2026-08-04 00:00:00,EMP-1019,Finance,1.4,0,0,96,6.6,33
2026-08-04 00:00:00,EMP-1020,Engineering,0.4,0,0,164,8.3,14
2026-08-04 00:00:00,EMP-1021,Product,0,0,0,107,5.2,32
2026-08-04 00:00:00,EMP-1022,Sales,0,0,0,78,5.2,26
2026-08-04 00:00:00,EMP-1023,Customer Success,1,0,0,51,7.2,19
2026-08-04 00:00:00,EMP-1024,HR,0.2,0,0,23,5.8,23
2026-08-04 00:00:00,EMP-1025,Finance,0.4,0,0,66,7.3,16
2026-08-04 00:00:00,EMP-1026,Engineering,2.9,0,0,128,5.8,49
2026-08-04 00:00:00,EMP-1027,Product,0.5,0,0,37,4.6,38
2026-08-04 00:00:00,EMP-1028,Sales,0,0,0,48,8,16
2026-08-04 00:00:00,EMP-1029,Customer Success,3.1,0,0,97,5.8,45
2026-08-04 00:00:00,EMP-1030,HR,1.9,0,0,136,7.5,28
2026-08-04 00:00:00,EMP-1031,Finance,0,0,0,39,6.3,24
2026-08-04 00:00:00,EMP-1032,Engineering,1.8,0,0,108,5.2,42
2026-08-04 00:00:00,EMP-1033,Product,0.5,0,0,55,6.5,25
2026-08-04 00:00:00,EMP-1034,Sales,2.1,0,0,47,4.7,45
2026-08-04 00:00:00,EMP-1035,Customer Success,0.6,0,0,63,6.3,29
2026-08-04 00:00:00,EMP-1036,HR,2,0,0,69,6.9,29
2026-08-04 00:00:00,EMP-1037,Finance,0.1,0,0,123,9.4,10
2026-08-04 00:00:00,EMP-1038,Engineering,1,0,0,98,7.5,21
2026-08-04 00:00:00,EMP-1039,Product,1.7,0,0,49,7.1,33
2026-08-04 00:00:00,EMP-1040,Sales,0,0,0,98,7.6,16
2026-08-04 00:00:00,EMP-1041,Customer Success,0.3,0,0,81,9.2,10
2026-08-04 00:00:00,EMP-1042,HR,1.5,0,0,59,6.4,37
2026-08-04 00:00:00,EMP-1043,Finance,0.7,0,0,68,9.2,11
2026-08-04 00:00:00,EMP-1044,Engineering,1.9,0,0,100,6.3,35
2026-08-04 00:00:00,EMP-1045,Product,1.6,0,0,125,6.6,30
2026-08-04 00:00:00,EMP-1046,Sales,0.1,0,0,54,6.9,22
2026-08-04 00:00:00,EMP-1047,Customer Success,2.1,0,0,115,6.4,36
2026-08-04 00:00:00,EMP-1048,HR,2.4,0,0,107,6.2,42
2026-08-04 00:00:00,EMP-1049,Finance,1,0,0,64,7,22
2026-08-04 00:00:00,EMP-1050,Engineering,2.4,0,0,98,6,41
2026-08-04 00:00:00,EMP-1051,Product,1.7,0,0,107,5.6,35
2026-08-04 00:00:00,EMP-1052,Sales,0,0,0,36,8,10
2026-08-04 00:00:00,EMP-1053,Customer Success,1.4,0,0,85,6.6,29
2026-08-04 00:00:00,EMP-1054,HR,2,0,0,112,7.7,25
2026-08-04 00:00:00,EMP-1055,Finance,1.6,0,0,61,6,34
2026-08-04 00:00:00,EMP-1056,Engineering,0.6,0,0,161,6.4,22
2026-08-04 00:00:00,EMP-1057,Product,0.7,0,0,46,6.2,24
2026-08-04 00:00:00,EMP-1058,Sales,1.8,0,0,93,7.1,30
2026-08-04 00:00:00,EMP-1059,Customer Success,2.3,0,0,73,7,31
2026-08-04 00:00:00,EMP-1060,HR,0.4,0,0,91,6.3,24
2026-08-04 00:00:00,EMP-1061,Finance,1.7,0,0,100,4.8,42
2026-08-04 00:00:00,EMP-1062,Engineering,0.3,0,0,141,6.3,22
2026-08-04 00:00:00,EMP-1063,Product,0,0,0,79,9.4,10
2026-08-04 00:00:00,EMP-1064,Sales,0,0,0,76,7,19
2026-08-04 00:00:00,EMP-1065,Customer Success,3.5,0,0,95,7.7,44
2026-08-04 00:00:00,EMP-1066,HR,0.6,0,0,75,6.2,25
2026-08-04 00:00:00,EMP-1067,Finance,2.3,0,0,22,8.1,27
2026-08-04 00:00:00,EMP-1068,Engineering,1.2,0,0,87,6.1,33
2026-08-04 00:00:00,EMP-1069,Product,1.2,0,0,78,8.6,13
2026-08-04 00:00:00,EMP-1070,Sales,0,0,0,99,7.6,17
2026-08-04 00:00:00,EMP-1071,Customer Success,2,0,0,116,6.8,31
2026-08-04 00:00:00,EMP-1072,HR,0,0,0,65,7.3,16
2026-08-04 00:00:00,EMP-1073,Finance,0,8,0,0,4.9,31
2026-08-04 00:00:00,EMP-1074,Engineering,0.7,0,0,128,8.2,12
2026-08-04 00:00:00,EMP-1075,Product,0,8,0,0,5.9,28
2026-08-04 00:00:00,EMP-1076,Sales,0.1,0,0,85,6.2,19
2026-08-04 00:00:00,EMP-1077,Customer Success,3.3,0,0,81,6.3,51
2026-08-04 00:00:00,EMP-1078,HR,0,0,0,109,6.5,25
2026-08-04 00:00:00,EMP-1079,Finance,0.6,0,0,71,6,30
2026-08-04 00:00:00,EMP-1080,Engineering,1.9,0,0,87,6,35
2026-08-04 00:00:00,EMP-1081,Product,0,0,0,97,5.8,24
2026-08-04 00:00:00,EMP-1082,Sales,2.3,0,0,130,6.7,33
2026-08-04 00:00:00,EMP-1083,Customer Success,0.9,0,0,81,6,26
2026-08-04 00:00:00,EMP-1084,HR,2.7,0,0,83,8.5,31
2026-08-04 00:00:00,EMP-1085,Finance,0.1,0,0,77,6,19
2026-08-04 00:00:00,EMP-1086,Engineering,0.1,0,0,104,5.5,31
2026-08-04 00:00:00,EMP-1087,Product,1,0,0,65,6.4,29
2026-08-04 00:00:00,EMP-1088,Sales,0,0,0,55,8,14
2026-08-04 00:00:00,EMP-1089,Customer Success,3.2,0,0,72,7.6,43
2026-08-04 00:00:00,EMP-1090,HR,0.4,0,0,76,6.4,26
2026-08-04 00:00:00,EMP-1091,Finance,0.8,0,0,97,5.8,28
2026-08-04 00:00:00,EMP-1092,Engineering,1.2,0,0,145,5.7,39
2026-08-04 00:00:00,EMP-1093,Product,0,0,0,68,5.6,29
2026-08-04 00:00:00,EMP-1094,Sales,0,0,0,90,5.6,26
2026-08-04 00:00:00,EMP-1095,Customer Success,1.8,0,0,36,5.9,38
2026-08-04 00:00:00,EMP-1096,HR,0.1,0,0,98,8.3,10
2026-08-04 00:00:00,EMP-1097,Finance,1.9,0,0,53,6.4,35
2026-08-04 00:00:00,EMP-1098,Engineering,3.5,0,0,113,6.9,43
2026-08-04 00:00:00,EMP-1099,Product,1.8,0,0,78,8.3,26
2026-08-04 00:00:00,EMP-1100,Sales,1.1,0,0,108,6.7,25
2026-08-05 00:00:00,EMP-1001,Finance,0,0,0,120,8.7,10
2026-08-05 00:00:00,EMP-1002,Engineering,2.6,0,0,92,6.8,43
2026-08-05 00:00:00,EMP-1003,Product,0.9,0,0,59,6.2,30
2026-08-05 00:00:00,EMP-1004,Sales,0,0,0,107,4.7,35
2026-08-05 00:00:00,EMP-1005,Customer Success,1.4,0,0,108,8.5,22
2026-08-05 00:00:00,EMP-1006,HR,0.1,0,0,99,7.4,13
2026-08-05 00:00:00,EMP-1007,Finance,0,8,0,0,9.1,10
2026-08-05 00:00:00,EMP-1008,Engineering,0,0,0,107,5.6,23
2026-08-05 00:00:00,EMP-1009,Product,0,0,0,80,6.9,22
2026-08-05 00:00:00,EMP-1010,Sales,0.1,0,0,67,6.6,25
2026-08-05 00:00:00,EMP-1011,Customer Success,0.2,0,0,84,5.6,27
2026-08-05 00:00:00,EMP-1012,HR,1.3,0,0,81,6.9,28
2026-08-05 00:00:00,EMP-1013,Finance,2.5,0,0,78,8.3,34
2026-08-05 00:00:00,EMP-1014,Engineering,2.1,0,0,137,6.7,31
2026-08-05 00:00:00,EMP-1015,Product,1.2,0,0,97,5.2,39
2026-08-05 00:00:00,EMP-1016,Sales,0.8,0,0,100,7.3,18
2026-08-05 00:00:00,EMP-1017,Customer Success,1.7,0,0,113,6.1,40
2026-08-05 00:00:00,EMP-1018,HR,0,0,0,77,7.1,15
2026-08-05 00:00:00,EMP-1019,Finance,2.2,0,0,107,7.1,30
2026-08-05 00:00:00,EMP-1020,Engineering,1.6,0,0,69,5.3,37
2026-08-05 00:00:00,EMP-1021,Product,0,0,0,75,7.3,18
2026-08-05 00:00:00,EMP-1022,Sales,0,0,0,106,4.7,32
2026-08-05 00:00:00,EMP-1023,Customer Success,1.4,0,0,42,5.8,37
2026-08-05 00:00:00,EMP-1024,HR,0.7,0,0,38,8,19
2026-08-05 00:00:00,EMP-1025,Finance,0,0,0,58,7,19
2026-08-05 00:00:00,EMP-1026,Engineering,1.7,0,0,113,8.2,20
2026-08-05 00:00:00,EMP-1027,Product,0,0,0,31,5.5,25
2026-08-05 00:00:00,EMP-1028,Sales,0.3,0,0,62,6.2,28
2026-08-05 00:00:00,EMP-1029,Customer Success,0,0,0,96,6.3,19
2026-08-05 00:00:00,EMP-1030,HR,0,0,0,17,6.7,16
2026-08-05 00:00:00,EMP-1031,Finance,1.6,0,0,115,6.9,34
2026-08-05 00:00:00,EMP-1032,Engineering,1.3,0,0,134,5,35
2026-08-05 00:00:00,EMP-1033,Product,1.3,0,0,112,7.2,28
2026-08-05 00:00:00,EMP-1034,Sales,0,0,0,90,7.3,20
2026-08-05 00:00:00,EMP-1035,Customer Success,1.4,0,0,92,7.8,23
2026-08-05 00:00:00,EMP-1036,HR,0,0,0,106,3.6,35
2026-08-05 00:00:00,EMP-1037,Finance,0,0,0,61,5.3,30
2026-08-05 00:00:00,EMP-1038,Engineering,1.2,0,0,126,9.2,18
2026-08-05 00:00:00,EMP-1039,Product,0.7,0,0,82,7,22
2026-08-05 00:00:00,EMP-1040,Sales,0.9,0,0,45,6.9,23
2026-08-05 00:00:00,EMP-1041,Customer Success,1.4,0,0,57,5.3,42
2026-08-05 00:00:00,EMP-1042,HR,0.8,0,0,138,8.1,21
2026-08-05 00:00:00,EMP-1043,Finance,1.7,0,0,101,6.4,37
2026-08-05 00:00:00,EMP-1044,Engineering,0.5,0,0,133,5.5,33
2026-08-05 00:00:00,EMP-1045,Product,0,0,0,20,5.8,22
2026-08-05 00:00:00,EMP-1046,Sales,0,0,0,100,8.1,12
2026-08-05 00:00:00,EMP-1047,Customer Success,1.4,0,0,75,7.6,27
2026-08-05 00:00:00,EMP-1048,HR,0,0,1,0,8.1,28
2026-08-05 00:00:00,EMP-1049,Finance,0.8,0,0,121,5.8,29
2026-08-05 00:00:00,EMP-1050,Engineering,0,8,0,0,6.3,17
2026-08-05 00:00:00,EMP-1051,Product,1.7,0,0,99,5.5,40
2026-08-05 00:00:00,EMP-1052,Sales,2.5,0,0,95,7.3,31
2026-08-05 00:00:00,EMP-1053,Customer Success,3.5,0,0,62,7,47
2026-08-05 00:00:00,EMP-1054,HR,0,0,0,105,7.2,17
2026-08-05 00:00:00,EMP-1055,Finance,0,0,0,81,5.3,24
2026-08-05 00:00:00,EMP-1056,Engineering,1.2,0,0,149,5.3,40
2026-08-05 00:00:00,EMP-1057,Product,1.6,0,0,65,6.5,28
2026-08-05 00:00:00,EMP-1058,Sales,0.9,0,0,94,6.2,33
2026-08-05 00:00:00,EMP-1059,Customer Success,2.6,0,0,96,6.8,39
2026-08-05 00:00:00,EMP-1060,HR,0.5,0,0,53,4.8,39
2026-08-05 00:00:00,EMP-1061,Finance,1.3,0,0,98,6.8,29
2026-08-05 00:00:00,EMP-1062,Engineering,2.8,0,0,138,5.2,49
2026-08-05 00:00:00,EMP-1063,Product,0,0,0,39,7.9,14
2026-08-05 00:00:00,EMP-1064,Sales,0,8,0,0,7,17
2026-08-05 00:00:00,EMP-1065,Customer Success,1.8,0,0,113,7.3,33
2026-08-05 00:00:00,EMP-1066,HR,1.1,0,0,109,5.4,40
2026-08-05 00:00:00,EMP-1067,Finance,0.4,0,0,73,7.9,12
2026-08-05 00:00:00,EMP-1068,Engineering,0.8,0,0,145,6.8,29
2026-08-05 00:00:00,EMP-1069,Product,0,0,0,71,7.1,13
2026-08-05 00:00:00,EMP-1070,Sales,0,0,0,88,7.7,17
2026-08-05 00:00:00,EMP-1071,Customer Success,1,0,0,52,7.3,20
2026-08-05 00:00:00,EMP-1072,HR,0,0,0,108,6.7,23
2026-08-05 00:00:00,EMP-1073,Finance,0.3,0,0,110,6.2,23
2026-08-05 00:00:00,EMP-1074,Engineering,1.4,0,0,132,5.6,33
2026-08-05 00:00:00,EMP-1075,Product,0,0,0,84,6.6,24
2026-08-05 00:00:00,EMP-1076,Sales,0,0,0,77,5.5,28
2026-08-05 00:00:00,EMP-1077,Customer Success,0.9,0,0,96,4.8,35
2026-08-05 00:00:00,EMP-1078,HR,1.8,0,0,82,6.7,30
2026-08-05 00:00:00,EMP-1079,Finance,0,0,0,26,8.3,10
2026-08-05 00:00:00,EMP-1080,Engineering,0,0,0,120,4.7,31
2026-08-05 00:00:00,EMP-1081,Product,1.5,0,0,100,8,23
2026-08-05 00:00:00,EMP-1082,Sales,0,0,0,113,8.1,10
2026-08-05 00:00:00,EMP-1083,Customer Success,2,0,0,112,5.5,47
2026-08-05 00:00:00,EMP-1084,HR,1.3,0,0,98,5.9,37
2026-08-05 00:00:00,EMP-1085,Finance,0.7,0,0,83,5.9,32
2026-08-05 00:00:00,EMP-1086,Engineering,1.3,0,0,100,6.2,29
2026-08-05 00:00:00,EMP-1087,Product,0.6,0,0,76,6.7,27
2026-08-05 00:00:00,EMP-1088,Sales,2.4,0,0,53,7.3,35
2026-08-05 00:00:00,EMP-1089,Customer Success,1,0,0,111,6.2,33
2026-08-05 00:00:00,EMP-1090,HR,0,0,0,71,7.2,19
2026-08-05 00:00:00,EMP-1091,Finance,0,0,0,88,7.9,13
2026-08-05 00:00:00,EMP-1092,Engineering,1.6,0,0,121,6.1,36
2026-08-05 00:00:00,EMP-1093,Product,0,0,0,114,8.1,10
2026-08-05 00:00:00,EMP-1094,Sales,0,0,0,82,6.7,23
2026-08-05 00:00:00,EMP-1095,Customer Success,0.9,0,0,127,5.6,29
2026-08-05 00:00:00,EMP-1096,HR,0.2,0,0,124,6.6,24
2026-08-05 00:00:00,EMP-1097,Finance,0.7,0,0,56,5.8,29
2026-08-05 00:00:00,EMP-1098,Engineering,2.7,0,0,131,5.7,48
2026-08-05 00:00:00,EMP-1099,Product,0,0,0,109,8.4,10
2026-08-05 00:00:00,EMP-1100,Sales,1.7,0,0,74,4.5,47
2026-08-06 00:00:00,EMP-1001,Finance,1.7,0,0,51,5.6,35
2026-08-06 00:00:00,EMP-1002,Engineering,0,0,0,124,6.2,22
2026-08-06 00:00:00,EMP-1003,Product,3.7,0,0,87,8.1,44
2026-08-06 00:00:00,EMP-1004,Sales,0.8,0,0,80,6.5,31
2026-08-06 00:00:00,EMP-1005,Customer Success,0.8,0,0,83,6.7,27
2026-08-06 00:00:00,EMP-1006,HR,1.5,0,0,82,7.8,27
2026-08-06 00:00:00,EMP-1007,Finance,0.6,0,0,67,6.9,27
2026-08-06 00:00:00,EMP-1008,Engineering,4.3,0,0,134,7.4,49
2026-08-06 00:00:00,EMP-1009,Product,2.8,0,0,106,7.6,32
2026-08-06 00:00:00,EMP-1010,Sales,0.2,0,0,78,6,20
2026-08-06 00:00:00,EMP-1011,Customer Success,0,0,0,101,4.5,31
2026-08-06 00:00:00,EMP-1012,HR,0,0,0,92,6.4,22
2026-08-06 00:00:00,EMP-1013,Finance,0,0,0,85,6.9,21
2026-08-06 00:00:00,EMP-1014,Engineering,2.3,0,0,132,4.2,55
2026-08-06 00:00:00,EMP-1015,Product,0.2,0,0,56,6.5,17
2026-08-06 00:00:00,EMP-1016,Sales,0.8,0,0,96,8,21
2026-08-06 00:00:00,EMP-1017,Customer Success,3.4,0,0,125,6.7,45
2026-08-06 00:00:00,EMP-1018,HR,0.8,0,0,80,6.5,23
2026-08-06 00:00:00,EMP-1019,Finance,0,0,0,61,4.1,32
2026-08-06 00:00:00,EMP-1020,Engineering,0.6,0,0,104,7.8,15
2026-08-06 00:00:00,EMP-1021,Product,0,0,0,98,4.5,31
2026-08-06 00:00:00,EMP-1022,Sales,1.4,0,0,49,7.2,31
2026-08-06 00:00:00,EMP-1023,Customer Success,1.7,0,0,41,6.5,37
2026-08-06 00:00:00,EMP-1024,HR,0.5,0,0,88,8.5,13
2026-08-06 00:00:00,EMP-1025,Finance,2.8,0,0,98,5,50
2026-08-06 00:00:00,EMP-1026,Engineering,3.4,0,0,145,8.4,37
2026-08-06 00:00:00,EMP-1027,Product,1.5,0,0,65,6.5,30
2026-08-06 00:00:00,EMP-1028,Sales,2.3,0,0,93,8.3,23
2026-08-06 00:00:00,EMP-1029,Customer Success,2.2,0,0,131,5.9,41
2026-08-06 00:00:00,EMP-1030,HR,0.8,0,0,129,7,27
2026-08-06 00:00:00,EMP-1031,Finance,2.1,0,0,147,5.4,43
2026-08-06 00:00:00,EMP-1032,Engineering,1.1,0,0,98,5.1,41
2026-08-06 00:00:00,EMP-1033,Product,1.2,0,0,118,4.9,44
2026-08-06 00:00:00,EMP-1034,Sales,1.4,0,0,83,8.1,20
2026-08-06 00:00:00,EMP-1035,Customer Success,1.5,0,0,112,6.2,35
2026-08-06 00:00:00,EMP-1036,HR,1.9,0,0,62,8.5,27
2026-08-06 00:00:00,EMP-1037,Finance,0,0,0,96,8.9,10
2026-08-06 00:00:00,EMP-1038,Engineering,0,0,1,0,7.6,33
2026-08-06 00:00:00,EMP-1039,Product,0,0,1,0,6.2,46
2026-08-06 00:00:00,EMP-1040,Sales,0.4,0,0,89,6.8,24
2026-08-06 00:00:00,EMP-1041,Customer Success,0.8,0,0,86,7.7,15
2026-08-06 00:00:00,EMP-1042,HR,0,0,0,88,7.1,18
2026-08-06 00:00:00,EMP-1043,Finance,1.5,0,0,107,7.3,28
2026-08-06 00:00:00,EMP-1044,Engineering,1,0,0,127,7.4,22
2026-08-06 00:00:00,EMP-1045,Product,1.7,0,0,96,7,26
2026-08-06 00:00:00,EMP-1046,Sales,2.7,0,0,75,4.3,51
2026-08-06 00:00:00,EMP-1047,Customer Success,3.5,0,0,74,8,37
2026-08-06 00:00:00,EMP-1048,HR,0.9,0,0,66,6.7,26
2026-08-06 00:00:00,EMP-1049,Finance,1.5,0,0,82,6.9,26
2026-08-06 00:00:00,EMP-1050,Engineering,3.1,0,0,104,8.1,40
2026-08-06 00:00:00,EMP-1051,Product,1.2,0,0,80,6.4,34
2026-08-06 00:00:00,EMP-1052,Sales,2.1,0,0,86,7.6,32
2026-08-06 00:00:00,EMP-1053,Customer Success,1.6,0,0,73,4.4,48
2026-08-06 00:00:00,EMP-1054,HR,2.1,0,0,70,5.1,41
2026-08-06 00:00:00,EMP-1055,Finance,1.3,0,0,125,7.3,21
2026-08-06 00:00:00,EMP-1056,Engineering,1.7,0,0,123,8.8,18
2026-08-06 00:00:00,EMP-1057,Product,2.1,0,0,94,8.5,21
2026-08-06 00:00:00,EMP-1058,Sales,0.4,0,0,144,7.8,20
2026-08-06 00:00:00,EMP-1059,Customer Success,0.8,0,0,123,5.5,29
2026-08-06 00:00:00,EMP-1060,HR,0,0,0,79,10,10
2026-08-06 00:00:00,EMP-1061,Finance,0,0,0,110,5.4,30
2026-08-06 00:00:00,EMP-1062,Engineering,2.2,0,0,140,6.6,34
2026-08-06 00:00:00,EMP-1063,Product,0,0,0,68,4.6,34
2026-08-06 00:00:00,EMP-1064,Sales,0.5,0,0,60,5.7,28
2026-08-06 00:00:00,EMP-1065,Customer Success,2.2,0,0,117,8,26
2026-08-06 00:00:00,EMP-1066,HR,3.2,0,0,73,6.3,51
2026-08-06 00:00:00,EMP-1067,Finance,1.8,0,0,109,7.7,29
2026-08-06 00:00:00,EMP-1068,Engineering,3.7,0,0,120,8.1,36
2026-08-06 00:00:00,EMP-1069,Product,2.9,0,0,85,7.3,38
2026-08-06 00:00:00,EMP-1070,Sales,2.1,0,0,116,8.8,23
2026-08-06 00:00:00,EMP-1071,Customer Success,2.5,0,0,145,7.4,32
2026-08-06 00:00:00,EMP-1072,HR,0.2,0,0,16,8.1,16
2026-08-06 00:00:00,EMP-1073,Finance,0.8,0,0,75,6.2,27
2026-08-06 00:00:00,EMP-1074,Engineering,2,0,0,169,6.8,31
2026-08-06 00:00:00,EMP-1075,Product,1.8,0,0,111,7.8,26
2026-08-06 00:00:00,EMP-1076,Sales,0.5,0,0,81,6.7,24
2026-08-06 00:00:00,EMP-1077,Customer Success,2.7,0,0,66,5.4,46
2026-08-06 00:00:00,EMP-1078,HR,0,0,1,0,5.9,42
2026-08-06 00:00:00,EMP-1079,Finance,2.9,0,0,86,8.2,31
2026-08-06 00:00:00,EMP-1080,Engineering,2.1,0,0,101,6.3,35
2026-08-06 00:00:00,EMP-1081,Product,3,0,0,91,8.6,35
2026-08-06 00:00:00,EMP-1082,Sales,0,8,0,0,5.8,20
2026-08-06 00:00:00,EMP-1083,Customer Success,1.3,0,0,65,6.9,32
2026-08-06 00:00:00,EMP-1084,HR,0.7,0,0,95,8,15
2026-08-06 00:00:00,EMP-1085,Finance,0,0,0,73,10,10
2026-08-06 00:00:00,EMP-1086,Engineering,2.4,0,0,168,6,42
2026-08-06 00:00:00,EMP-1087,Product,0.2,0,0,73,8.3,13
2026-08-06 00:00:00,EMP-1088,Sales,0.5,0,0,98,6,24
2026-08-06 00:00:00,EMP-1089,Customer Success,1,0,0,59,5.8,28
2026-08-06 00:00:00,EMP-1090,HR,0,0,0,62,7,20
2026-08-06 00:00:00,EMP-1091,Finance,0.3,0,0,96,7.6,12
2026-08-06 00:00:00,EMP-1092,Engineering,0,8,0,0,5.1,29
2026-08-06 00:00:00,EMP-1093,Product,0,0,0,101,8.1,10
2026-08-06 00:00:00,EMP-1094,Sales,0,0,0,65,8.6,10
2026-08-06 00:00:00,EMP-1095,Customer Success,1.9,0,0,54,5.6,43
2026-08-06 00:00:00,EMP-1096,HR,2.1,0,0,96,7.5,35
2026-08-06 00:00:00,EMP-1097,Finance,1.6,0,0,91,5.6,36
2026-08-06 00:00:00,EMP-1098,Engineering,0,0,0,141,6.4,16
2026-08-06 00:00:00,EMP-1099,Product,0.6,0,0,132,5.3,37
2026-08-06 00:00:00,EMP-1100,Sales,0.9,0,0,117,6.9,25
2026-08-07 00:00:00,EMP-1001,Finance,1.2,0,0,98,7.6,25
2026-08-07 00:00:00,EMP-1002,Engineering,0,0,0,117,6.6,17
2026-08-07 00:00:00,EMP-1003,Product,0,0,0,102,4.5,37
2026-08-07 00:00:00,EMP-1004,Sales,1.9,0,0,89,7,37
2026-08-07 00:00:00,EMP-1005,Customer Success,1.7,0,0,66,6.2,38
2026-08-07 00:00:00,EMP-1006,HR,0.8,0,0,62,3.2,44
2026-08-07 00:00:00,EMP-1007,Finance,1.1,0,0,40,5.8,34
2026-08-07 00:00:00,EMP-1008,Engineering,0.9,0,0,113,6.7,27
2026-08-07 00:00:00,EMP-1009,Product,1.1,0,0,61,6.3,28
2026-08-07 00:00:00,EMP-1010,Sales,0.9,0,0,89,6.6,28
2026-08-07 00:00:00,EMP-1011,Customer Success,4.2,0,0,117,7.5,47
2026-08-07 00:00:00,EMP-1012,HR,0,8,0,0,6.7,23
2026-08-07 00:00:00,EMP-1013,Finance,0.9,0,0,80,8.4,16
2026-08-07 00:00:00,EMP-1014,Engineering,0,0,0,146,5.7,25
2026-08-07 00:00:00,EMP-1015,Product,0,0,0,63,6.4,19
2026-08-07 00:00:00,EMP-1016,Sales,0.7,0,0,116,9.2,10
2026-08-07 00:00:00,EMP-1017,Customer Success,0.9,0,0,37,5.6,35
2026-08-07 00:00:00,EMP-1018,HR,0.9,0,0,67,5.1,35
2026-08-07 00:00:00,EMP-1019,Finance,0,0,0,134,4.7,26
2026-08-07 00:00:00,EMP-1020,Engineering,0,8,0,0,4.1,33
2026-08-07 00:00:00,EMP-1021,Product,0,0,0,107,6.1,18
2026-08-07 00:00:00,EMP-1022,Sales,0.9,0,0,71,6.4,25
2026-08-07 00:00:00,EMP-1023,Customer Success,3,0,0,96,7.1,36
2026-08-07 00:00:00,EMP-1024,HR,1.5,0,0,88,3.4,49
2026-08-07 00:00:00,EMP-1025,Finance,0.4,0,0,75,7.4,17
2026-08-07 00:00:00,EMP-1026,Engineering,0.2,0,0,176,6,21
2026-08-07 00:00:00,EMP-1027,Product,0,8,0,0,7.6,15
2026-08-07 00:00:00,EMP-1028,Sales,0.6,0,0,87,6.2,23
2026-08-07 00:00:00,EMP-1029,Customer Success,0.1,0,0,96,8.9,10
2026-08-07 00:00:00,EMP-1030,HR,0.2,0,0,83,4.8,33
2026-08-07 00:00:00,EMP-1031,Finance,0,0,0,50,7.3,12
2026-08-07 00:00:00,EMP-1032,Engineering,0,8,0,0,6.8,20
2026-08-07 00:00:00,EMP-1033,Product,0,0,1,0,5.9,39
2026-08-07 00:00:00,EMP-1034,Sales,0,0,0,116,7.5,16
2026-08-07 00:00:00,EMP-1035,Customer Success,2.6,0,0,67,5.1,54
2026-08-07 00:00:00,EMP-1036,HR,0,0,0,119,8.4,10
2026-08-07 00:00:00,EMP-1037,Finance,2.8,0,0,86,8.2,35
2026-08-07 00:00:00,EMP-1038,Engineering,1.9,0,0,139,5.3,47
2026-08-07 00:00:00,EMP-1039,Product,0.5,0,0,109,6.4,26
2026-08-07 00:00:00,EMP-1040,Sales,1.9,0,0,81,6.2,38
2026-08-07 00:00:00,EMP-1041,Customer Success,0.9,0,0,68,4.7,38
2026-08-07 00:00:00,EMP-1042,HR,0,0,0,67,6.6,20
2026-08-07 00:00:00,EMP-1043,Finance,1.3,0,0,114,5,36
2026-08-07 00:00:00,EMP-1044,Engineering,1.1,0,0,101,5.1,42
2026-08-07 00:00:00,EMP-1045,Product,0.6,0,0,107,6,29
2026-08-07 00:00:00,EMP-1046,Sales,1.3,0,0,101,7.5,22
2026-08-07 00:00:00,EMP-1047,Customer Success,1.5,0,0,84,3.9,49
2026-08-07 00:00:00,EMP-1048,HR,0,0,0,94,7,21
2026-08-07 00:00:00,EMP-1049,Finance,0,0,0,70,7.8,12
2026-08-07 00:00:00,EMP-1050,Engineering,1.4,0,0,143,4.8,42
2026-08-07 00:00:00,EMP-1051,Product,1.1,0,0,106,7.4,28
2026-08-07 00:00:00,EMP-1052,Sales,0.2,0,0,75,6.7,23
2026-08-07 00:00:00,EMP-1053,Customer Success,0.7,0,0,91,5.3,34
2026-08-07 00:00:00,EMP-1054,HR,0.5,0,0,145,7.8,16
2026-08-07 00:00:00,EMP-1055,Finance,1.2,0,0,85,9.1,17
2026-08-07 00:00:00,EMP-1056,Engineering,1.3,0,0,147,7.4,25
2026-08-07 00:00:00,EMP-1057,Product,0.1,0,0,107,5.7,30
2026-08-07 00:00:00,EMP-1058,Sales,0.8,0,0,102,5.6,29
2026-08-07 00:00:00,EMP-1059,Customer Success,0.5,0,0,123,6.4,27
2026-08-07 00:00:00,EMP-1060,HR,0,0,0,150,7.3,14
2026-08-07 00:00:00,EMP-1061,Finance,0,0,0,85,7.9,10
2026-08-07 00:00:00,EMP-1062,Engineering,0.8,0,0,95,5.5,30
2026-08-07 00:00:00,EMP-1063,Product,0,0,0,76,5.3,27
2026-08-07 00:00:00,EMP-1064,Sales,1.9,0,0,86,7.9,24
2026-08-07 00:00:00,EMP-1065,Customer Success,2.2,0,0,100,7.6,32
2026-08-07 00:00:00,EMP-1066,HR,0,8,0,0,5.7,29
2026-08-07 00:00:00,EMP-1067,Finance,0.1,0,0,73,5.6,31
2026-08-07 00:00:00,EMP-1068,Engineering,3.7,0,0,82,6.8,46
2026-08-07 00:00:00,EMP-1069,Product,2,0,0,98,6.9,33
2026-08-07 00:00:00,EMP-1070,Sales,0,0,0,73,5.6,28
2026-08-07 00:00:00,EMP-1071,Customer Success,1.2,0,0,80,7.3,24
2026-08-07 00:00:00,EMP-1072,HR,0,0,0,125,7.9,11
2026-08-07 00:00:00,EMP-1073,Finance,2.2,0,0,71,5.2,49
2026-08-07 00:00:00,EMP-1074,Engineering,0,0,0,88,8.4,12
2026-08-07 00:00:00,EMP-1075,Product,0,0,0,77,8.7,10
2026-08-07 00:00:00,EMP-1076,Sales,0,0,1,0,6.7,34
2026-08-07 00:00:00,EMP-1077,Customer Success,2.2,0,0,89,8.3,29
2026-08-07 00:00:00,EMP-1078,HR,1.5,0,0,98,6,32
2026-08-07 00:00:00,EMP-1079,Finance,2.1,0,0,75,9.4,21
2026-08-07 00:00:00,EMP-1080,Engineering,0,0,0,97,6.6,19
2026-08-07 00:00:00,EMP-1081,Product,0.9,0,0,89,8.7,13
2026-08-07 00:00:00,EMP-1082,Sales,0.8,0,0,87,6.6,22
2026-08-07 00:00:00,EMP-1083,Customer Success,3.7,0,0,82,5.8,49
2026-08-07 00:00:00,EMP-1084,HR,0,0,0,76,6.5,24
2026-08-07 00:00:00,EMP-1085,Finance,1.3,0,0,105,5.6,32
2026-08-07 00:00:00,EMP-1086,Engineering,1.6,0,0,139,8.8,16
2026-08-07 00:00:00,EMP-1087,Product,1.5,0,0,52,7.6,26
2026-08-07 00:00:00,EMP-1088,Sales,1,0,0,121,6.8,23
2026-08-07 00:00:00,EMP-1089,Customer Success,0,0,0,53,7.7,13
2026-08-07 00:00:00,EMP-1090,HR,2.3,0,0,105,5.7,41
2026-08-07 00:00:00,EMP-1091,Finance,2,0,0,76,8.1,26
2026-08-07 00:00:00,EMP-1092,Engineering,2.3,0,0,150,4.7,46
2026-08-07 00:00:00,EMP-1093,Product,0.6,0,0,107,7.7,18
2026-08-07 00:00:00,EMP-1094,Sales,1.1,0,0,32,6.5,30
2026-08-07 00:00:00,EMP-1095,Customer Success,1.6,0,0,114,5.2,43
2026-08-07 00:00:00,EMP-1096,HR,0.1,0,0,101,5.7,26
2026-08-07 00:00:00,EMP-1097,Finance,0,0,0,89,6.6,15
2026-08-07 00:00:00,EMP-1098,Engineering,0.8,0,0,151,7.1,23
2026-08-07 00:00:00,EMP-1099,Product,1.4,0,0,92,6.2,35
2026-08-07 00:00:00,EMP-1100,Sales,1.1,0,0,100,7.7,20
2026-08-10 00:00:00,EMP-1001,Finance,1.7,0,0,114,6.7,30
2026-08-10 00:00:00,EMP-1002,Engineering,1.2,0,0,114,7.5,21
2026-08-10 00:00:00,EMP-1003,Product,0,0,0,139,4.8,30
2026-08-10 00:00:00,EMP-1004,Sales,0,0,0,140,7.2,13
2026-08-10 00:00:00,EMP-1005,Customer Success,3.1,0,0,111,5.9,44
2026-08-10 00:00:00,EMP-1006,HR,1.8,0,0,68,6.4,39
2026-08-10 00:00:00,EMP-1007,Finance,0.9,0,0,98,5.6,32
2026-08-10 00:00:00,EMP-1008,Engineering,0.5,0,0,118,7.8,20
2026-08-10 00:00:00,EMP-1009,Product,0,0,0,124,6,22
2026-08-10 00:00:00,EMP-1010,Sales,0,0,0,106,7.6,17
2026-08-10 00:00:00,EMP-1011,Customer Success,3.3,0,0,132,10,26
2026-08-10 00:00:00,EMP-1012,HR,0,0,0,100,8.6,10
2026-08-10 00:00:00,EMP-1013,Finance,0.4,0,0,67,6.7,21
2026-08-10 00:00:00,EMP-1014,Engineering,0,0,0,96,7.1,19
2026-08-10 00:00:00,EMP-1015,Product,1.2,0,0,78,7,28
2026-08-10 00:00:00,EMP-1016,Sales,1.8,0,0,76,4.4,47
2026-08-10 00:00:00,EMP-1017,Customer Success,1.3,0,0,99,6.1,31
2026-08-10 00:00:00,EMP-1018,HR,0,0,0,89,7.2,13
2026-08-10 00:00:00,EMP-1019,Finance,0.6,0,0,78,7.7,18
2026-08-10 00:00:00,EMP-1020,Engineering,2.4,0,0,114,7.5,36
2026-08-10 00:00:00,EMP-1021,Product,0.1,0,0,78,5.9,27
2026-08-10 00:00:00,EMP-1022,Sales,0,0,0,80,6.8,22
2026-08-10 00:00:00,EMP-1023,Customer Success,0,0,0,93,6.8,15
2026-08-10 00:00:00,EMP-1024,HR,0,0,0,53,8.3,10
2026-08-10 00:00:00,EMP-1025,Finance,0,0,0,88,7.2,18
2026-08-10 00:00:00,EMP-1026,Engineering,0,0,0,112,5.8,26
2026-08-10 00:00:00,EMP-1027,Product,1.6,0,0,82,7.6,23
2026-08-10 00:00:00,EMP-1028,Sales,0,0,0,96,6.2,19
2026-08-10 00:00:00,EMP-1029,Customer Success,0,0,0,96,7.3,16
2026-08-10 00:00:00,EMP-1030,HR,0,0,0,96,7.1,18
2026-08-10 00:00:00,EMP-1031,Finance,1.1,0,0,113,5.8,35
2026-08-10 00:00:00,EMP-1032,Engineering,0.7,0,0,121,7.2,25
2026-08-10 00:00:00,EMP-1033,Product,1.6,0,0,104,6.5,28
2026-08-10 00:00:00,EMP-1034,Sales,0.4,0,0,65,7.7,19
2026-08-10 00:00:00,EMP-1035,Customer Success,1.3,0,0,30,4.9,36
2026-08-10 00:00:00,EMP-1036,HR,0,0,0,89,6.9,21
2026-08-10 00:00:00,EMP-1037,Finance,0,0,0,79,9.2,10
2026-08-10 00:00:00,EMP-1038,Engineering,2.1,0,0,118,9.1,18
2026-08-10 00:00:00,EMP-1039,Product,0.8,0,0,63,7.1,19
2026-08-10 00:00:00,EMP-1040,Sales,0.1,0,0,93,7.5,17
2026-08-10 00:00:00,EMP-1041,Customer Success,0,0,0,77,6.6,23
2026-08-10 00:00:00,EMP-1042,HR,0,0,0,106,9.1,10
2026-08-10 00:00:00,EMP-1043,Finance,1.1,0,0,78,6.4,28
2026-08-10 00:00:00,EMP-1044,Engineering,2.6,0,0,122,8.6,32
2026-08-10 00:00:00,EMP-1045,Product,0,0,0,82,5.8,27
2026-08-10 00:00:00,EMP-1046,Sales,0,0,0,48,6.3,19
2026-08-10 00:00:00,EMP-1047,Customer Success,1.7,0,0,115,6.2,36
2026-08-10 00:00:00,EMP-1048,HR,3.3,0,0,79,5.6,47
2026-08-10 00:00:00,EMP-1049,Finance,0.4,0,0,111,3.7,38
2026-08-10 00:00:00,EMP-1050,Engineering,0.5,0,0,109,8.6,14
2026-08-10 00:00:00,EMP-1051,Product,0,0,0,52,4.8,31
2026-08-10 00:00:00,EMP-1052,Sales,0.8,0,0,114,6.8,23
2026-08-10 00:00:00,EMP-1053,Customer Success,0,0,0,77,6.8,15
2026-08-10 00:00:00,EMP-1054,HR,0,0,0,108,7.7,10
2026-08-10 00:00:00,EMP-1055,Finance,1.4,0,0,124,7.4,25
2026-08-10 00:00:00,EMP-1056,Engineering,0,8,0,0,6.3,23
2026-08-10 00:00:00,EMP-1057,Product,1.5,0,0,0,7.3,29
2026-08-10 00:00:00,EMP-1058,Sales,1.5,0,0,87,7,30
2026-08-10 00:00:00,EMP-1059,Customer Success,2.1,0,0,63,5.6,42
2026-08-10 00:00:00,EMP-1060,HR,0,0,1,0,5.6,46
2026-08-10 00:00:00,EMP-1061,Finance,2.9,0,0,77,5.1,50
2026-08-10 00:00:00,EMP-1062,Engineering,3.7,0,0,141,6.3,48
2026-08-10 00:00:00,EMP-1063,Product,2.2,0,0,95,8,30
2026-08-10 00:00:00,EMP-1064,Sales,0,0,0,81,5,28
2026-08-10 00:00:00,EMP-1065,Customer Success,0.2,0,0,85,6.3,26
2026-08-10 00:00:00,EMP-1066,HR,0.8,0,0,58,7.8,18
2026-08-10 00:00:00,EMP-1067,Finance,0.8,0,0,99,7.3,23
2026-08-10 00:00:00,EMP-1068,Engineering,1.2,0,0,148,8.2,15
2026-08-10 00:00:00,EMP-1069,Product,0.3,0,0,72,7.3,15
2026-08-10 00:00:00,EMP-1070,Sales,0,0,1,0,8.2,34
2026-08-10 00:00:00,EMP-1071,Customer Success,1.6,0,0,71,7.2,33
2026-08-10 00:00:00,EMP-1072,HR,2.1,0,0,62,6.6,37
2026-08-10 00:00:00,EMP-1073,Finance,1.5,0,0,93,4.6,43
2026-08-10 00:00:00,EMP-1074,Engineering,0,8,0,0,8,12
2026-08-10 00:00:00,EMP-1075,Product,1.5,0,0,100,5.8,41
2026-08-10 00:00:00,EMP-1076,Sales,0,0,0,96,7.1,21
2026-08-10 00:00:00,EMP-1077,Customer Success,2.1,0,0,78,6.3,41
2026-08-10 00:00:00,EMP-1078,HR,0,0,0,46,6.7,14
2026-08-10 00:00:00,EMP-1079,Finance,0,0,0,93,6,28
2026-08-10 00:00:00,EMP-1080,Engineering,0.6,0,0,131,4.6,33
2026-08-10 00:00:00,EMP-1081,Product,0,0,0,89,5.7,28
2026-08-10 00:00:00,EMP-1082,Sales,1.1,0,0,39,5.6,35
2026-08-10 00:00:00,EMP-1083,Customer Success,1.4,0,0,97,6.4,34
2026-08-10 00:00:00,EMP-1084,HR,1,0,0,152,6.3,31
2026-08-10 00:00:00,EMP-1085,Finance,0.3,0,0,124,8,14
2026-08-10 00:00:00,EMP-1086,Engineering,0,0,0,126,5.9,26
2026-08-10 00:00:00,EMP-1087,Product,0,0,0,117,6.1,21
2026-08-10 00:00:00,EMP-1088,Sales,0,0,0,44,8.3,10
2026-08-10 00:00:00,EMP-1089,Customer Success,1.2,0,0,79,8.9,12
2026-08-10 00:00:00,EMP-1090,HR,1.9,0,0,98,7.6,24
2026-08-10 00:00:00,EMP-1091,Finance,0,0,0,132,6.5,20
2026-08-10 00:00:00,EMP-1092,Engineering,1.8,0,0,172,7.5,31
2026-08-10 00:00:00,EMP-1093,Product,0,0,0,107,5.1,31
2026-08-10 00:00:00,EMP-1094,Sales,0,0,0,71,5.8,27
2026-08-10 00:00:00,EMP-1095,Customer Success,0.1,0,0,126,7.1,14
2026-08-10 00:00:00,EMP-1096,HR,2,0,0,89,8.1,22
2026-08-10 00:00:00,EMP-1097,Finance,0,0,0,90,8.6,10
2026-08-10 00:00:00,EMP-1098,Engineering,0,0,0,161,6.6,19
2026-08-10 00:00:00,EMP-1099,Product,0,0,0,107,6.5,24
2026-08-10 00:00:00,EMP-1100,Sales,0.8,0,0,67,8.6,18
2026-08-11 00:00:00,EMP-1001,Finance,2.1,0,0,58,7.5,27
2026-08-11 00:00:00,EMP-1002,Engineering,2,0,0,97,5.8,44
2026-08-11 00:00:00,EMP-1003,Product,0.8,0,0,84,6.6,26
2026-08-11 00:00:00,EMP-1004,Sales,2.1,0,0,85,6.3,38
2026-08-11 00:00:00,EMP-1005,Customer Success,1,0,0,58,4.5,42
2026-08-11 00:00:00,EMP-1006,HR,0,0,0,135,5.5,29
2026-08-11 00:00:00,EMP-1007,Finance,0.3,0,0,48,6.5,20
2026-08-11 00:00:00,EMP-1008,Engineering,2.3,0,0,87,5.9,40
2026-08-11 00:00:00,EMP-1009,Product,0,0,0,81,5.8,27
2026-08-11 00:00:00,EMP-1010,Sales,0.8,0,0,48,8.1,21
2026-08-11 00:00:00,EMP-1011,Customer Success,2,0,0,117,5.6,46
2026-08-11 00:00:00,EMP-1012,HR,1.8,0,0,43,7.7,23
2026-08-11 00:00:00,EMP-1013,Finance,0.6,0,0,66,7.5,18
2026-08-11 00:00:00,EMP-1014,Engineering,1.9,0,0,104,6.4,40
2026-08-11 00:00:00,EMP-1015,Product,1.7,0,0,102,5.3,44
2026-08-11 00:00:00,EMP-1016,Sales,0,0,0,107,8,14
2026-08-11 00:00:00,EMP-1017,Customer Success,1.6,0,0,81,6.6,32
2026-08-11 00:00:00,EMP-1018,HR,1.8,0,0,87,6.1,39
2026-08-11 00:00:00,EMP-1019,Finance,0,0,1,0,5.1,44
2026-08-11 00:00:00,EMP-1020,Engineering,3.8,0,0,122,7.4,46
2026-08-11 00:00:00,EMP-1021,Product,0,0,0,55,8.2,13
2026-08-11 00:00:00,EMP-1022,Sales,2.3,0,0,79,5.4,44
2026-08-11 00:00:00,EMP-1023,Customer Success,1.9,0,0,63,6.6,31
2026-08-11 00:00:00,EMP-1024,HR,0,0,0,38,7.7,15
2026-08-11 00:00:00,EMP-1025,Finance,0,0,1,0,7.7,33
2026-08-11 00:00:00,EMP-1026,Engineering,2.1,0,0,145,7.3,33
2026-08-11 00:00:00,EMP-1027,Product,0,0,0,62,9.2,10
2026-08-11 00:00:00,EMP-1028,Sales,0,0,0,87,6.8,22
2026-08-11 00:00:00,EMP-1029,Customer Success,1.2,0,0,135,6.2,29
2026-08-11 00:00:00,EMP-1030,HR,0,0,0,94,6.2,19
2026-08-11 00:00:00,EMP-1031,Finance,0.4,0,0,141,7.5,22
2026-08-11 00:00:00,EMP-1032,Engineering,0.3,0,0,105,6.1,20
2026-08-11 00:00:00,EMP-1033,Product,0,0,0,74,7.9,13
2026-08-11 00:00:00,EMP-1034,Sales,0.9,0,0,70,7.3,22
2026-08-11 00:00:00,EMP-1035,Customer Success,1,0,0,116,6.8,28
2026-08-11 00:00:00,EMP-1036,HR,1.4,0,0,75,6.9,30
2026-08-11 00:00:00,EMP-1037,Finance,0.6,0,0,116,6.9,22
2026-08-11 00:00:00,EMP-1038,Engineering,0,0,0,141,7.3,19
2026-08-11 00:00:00,EMP-1039,Product,1.5,0,0,105,7.4,22
2026-08-11 00:00:00,EMP-1040,Sales,0,0,0,96,7,22
2026-08-11 00:00:00,EMP-1041,Customer Success,0,0,0,113,6.7,23
2026-08-11 00:00:00,EMP-1042,HR,1.3,0,0,103,7.4,30
2026-08-11 00:00:00,EMP-1043,Finance,0.3,0,0,110,5.5,33
2026-08-11 00:00:00,EMP-1044,Engineering,1.8,0,0,105,7.2,34
2026-08-11 00:00:00,EMP-1045,Product,0,0,0,72,7.1,18
2026-08-11 00:00:00,EMP-1046,Sales,0,8,0,0,7.9,15
2026-08-11 00:00:00,EMP-1047,Customer Success,0,0,1,0,6.3,42
2026-08-11 00:00:00,EMP-1048,HR,2.5,0,0,98,6.3,44
2026-08-11 00:00:00,EMP-1049,Finance,0.2,0,0,88,7,20
2026-08-11 00:00:00,EMP-1050,Engineering,1.7,0,0,91,6.2,32
2026-08-11 00:00:00,EMP-1051,Product,0.3,0,0,82,8.1,10
2026-08-11 00:00:00,EMP-1052,Sales,0,0,0,91,6,25
2026-08-11 00:00:00,EMP-1053,Customer Success,0.4,0,0,69,5.5,28
2026-08-11 00:00:00,EMP-1054,HR,1.4,0,0,63,8.7,21
2026-08-11 00:00:00,EMP-1055,Finance,0.5,0,0,94,6.9,23
2026-08-11 00:00:00,EMP-1056,Engineering,1.1,0,0,89,6.1,34
2026-08-11 00:00:00,EMP-1057,Product,0,0,0,70,7.4,19
2026-08-11 00:00:00,EMP-1058,Sales,0,0,0,90,6.1,23
2026-08-11 00:00:00,EMP-1059,Customer Success,1.3,0,0,112,6.7,34
2026-08-11 00:00:00,EMP-1060,HR,0.2,0,0,60,7.3,21
2026-08-11 00:00:00,EMP-1061,Finance,0,0,0,115,6.7,18
2026-08-11 00:00:00,EMP-1062,Engineering,0,8,0,0,6.9,13
2026-08-11 00:00:00,EMP-1063,Product,1.9,0,0,129,6.5,39
2026-08-11 00:00:00,EMP-1064,Sales,0,0,0,76,7.5,13
2026-08-11 00:00:00,EMP-1065,Customer Success,2.5,0,0,85,8,36
2026-08-11 00:00:00,EMP-1066,HR,1.7,0,0,93,6.5,38
2026-08-11 00:00:00,EMP-1067,Finance,0,0,0,113,6.5,20
2026-08-11 00:00:00,EMP-1068,Engineering,1.7,0,0,90,7.8,25
2026-08-11 00:00:00,EMP-1069,Product,1.7,0,0,73,5.7,39
2026-08-11 00:00:00,EMP-1070,Sales,0,0,0,67,8.1,14
2026-08-11 00:00:00,EMP-1071,Customer Success,2.1,0,0,106,7.9,28
2026-08-11 00:00:00,EMP-1072,HR,0.7,0,0,79,3.5,40
2026-08-11 00:00:00,EMP-1073,Finance,0.6,0,0,139,5.5,31
2026-08-11 00:00:00,EMP-1074,Engineering,0.9,0,0,109,6.4,25
2026-08-11 00:00:00,EMP-1075,Product,0,8,0,0,4.4,31
2026-08-11 00:00:00,EMP-1076,Sales,2.1,0,0,117,6.3,34
2026-08-11 00:00:00,EMP-1077,Customer Success,2.6,0,0,90,4,55
2026-08-11 00:00:00,EMP-1078,HR,0.5,0,0,40,6.3,25
2026-08-11 00:00:00,EMP-1079,Finance,0.8,0,0,77,7.5,16
2026-08-11 00:00:00,EMP-1080,Engineering,1.7,0,0,101,9,22
2026-08-11 00:00:00,EMP-1081,Product,1.2,0,0,55,6.7,25
2026-08-11 00:00:00,EMP-1082,Sales,1.9,0,0,44,7.6,33
2026-08-11 00:00:00,EMP-1083,Customer Success,2.3,0,0,72,7.4,31
2026-08-11 00:00:00,EMP-1084,HR,0.4,0,0,31,8.3,11
2026-08-11 00:00:00,EMP-1085,Finance,0.1,0,0,88,7.8,18
2026-08-11 00:00:00,EMP-1086,Engineering,0.8,0,0,151,4.9,32
2026-08-11 00:00:00,EMP-1087,Product,0,0,0,84,7.3,14
2026-08-11 00:00:00,EMP-1088,Sales,2.9,0,0,49,8.9,30
2026-08-11 00:00:00,EMP-1089,Customer Success,0.9,0,0,99,7.1,20
2026-08-11 00:00:00,EMP-1090,HR,0.3,0,0,67,6.9,16
2026-08-11 00:00:00,EMP-1091,Finance,1.1,0,0,84,3.7,42
2026-08-11 00:00:00,EMP-1092,Engineering,0.8,0,0,162,4.7,35
2026-08-11 00:00:00,EMP-1093,Product,0,0,0,129,8.1,10
2026-08-11 00:00:00,EMP-1094,Sales,0.8,0,0,122,8.2,18
2026-08-11 00:00:00,EMP-1095,Customer Success,3,0,0,56,7.4,42
2026-08-11 00:00:00,EMP-1096,HR,0,0,0,114,6.4,17
2026-08-11 00:00:00,EMP-1097,Finance,0,0,0,157,7.8,17
2026-08-11 00:00:00,EMP-1098,Engineering,1.1,0,0,126,6.2,31
2026-08-11 00:00:00,EMP-1099,Product,1.9,0,0,105,7.6,27
2026-08-11 00:00:00,EMP-1100,Sales,0.4,0,0,59,7.8,19
2026-08-12 00:00:00,EMP-1001,Finance,0,0,0,44,7.5,19
2026-08-12 00:00:00,EMP-1002,Engineering,1.8,0,0,148,8.3,26
2026-08-12 00:00:00,EMP-1003,Product,1.8,0,0,83,7.5,28
2026-08-12 00:00:00,EMP-1004,Sales,0.3,0,0,116,9.8,10
2026-08-12 00:00:00,EMP-1005,Customer Success,1.1,0,0,81,7,23
2026-08-12 00:00:00,EMP-1006,HR,1.1,0,0,97,6.4,33
2026-08-12 00:00:00,EMP-1007,Finance,1.1,0,0,90,7.4,20
2026-08-12 00:00:00,EMP-1008,Engineering,1.4,0,0,106,7.1,25
2026-08-12 00:00:00,EMP-1009,Product,0,0,0,90,8.3,10
2026-08-12 00:00:00,EMP-1010,Sales,0.4,0,0,64,6.6,23
2026-08-12 00:00:00,EMP-1011,Customer Success,0.6,0,0,86,6.1,31
2026-08-12 00:00:00,EMP-1012,HR,0.1,0,0,49,4.8,34
2026-08-12 00:00:00,EMP-1013,Finance,0.8,0,0,125,5.4,29
2026-08-12 00:00:00,EMP-1014,Engineering,4.1,0,0,133,5.8,59
2026-08-12 00:00:00,EMP-1015,Product,0.8,0,0,93,6.6,26
2026-08-12 00:00:00,EMP-1016,Sales,0,0,0,33,7.7,10
2026-08-12 00:00:00,EMP-1017,Customer Success,0,8,0,0,8.8,10
2026-08-12 00:00:00,EMP-1018,HR,0.9,0,0,121,5,38
2026-08-12 00:00:00,EMP-1019,Finance,2.4,0,0,80,7.1,31
2026-08-12 00:00:00,EMP-1020,Engineering,0,8,0,0,6.4,18
2026-08-12 00:00:00,EMP-1021,Product,0.6,0,0,97,6.6,25
2026-08-12 00:00:00,EMP-1022,Sales,0,0,0,129,5.4,31
2026-08-12 00:00:00,EMP-1023,Customer Success,0,0,0,125,5.3,30
2026-08-12 00:00:00,EMP-1024,HR,0.2,0,0,125,7,18
2026-08-12 00:00:00,EMP-1025,Finance,0.3,0,0,95,6.4,22
2026-08-12 00:00:00,EMP-1026,Engineering,1.6,0,0,92,4.2,47
2026-08-12 00:00:00,EMP-1027,Product,1,0,0,100,5.7,37
2026-08-12 00:00:00,EMP-1028,Sales,0,0,0,101,5.9,23
2026-08-12 00:00:00,EMP-1029,Customer Success,1.3,0,0,79,6.3,28
2026-08-12 00:00:00,EMP-1030,HR,1,0,0,56,7.3,20
2026-08-12 00:00:00,EMP-1031,Finance,0,0,0,105,7.9,16
2026-08-12 00:00:00,EMP-1032,Engineering,0.9,0,0,102,6.9,24
2026-08-12 00:00:00,EMP-1033,Product,0,0,0,130,5.3,32
2026-08-12 00:00:00,EMP-1034,Sales,1.1,0,0,41,8.3,18
2026-08-12 00:00:00,EMP-1035,Customer Success,0.9,0,0,60,7.4,23
2026-08-12 00:00:00,EMP-1036,HR,0,0,0,91,6,24
2026-08-12 00:00:00,EMP-1037,Finance,1.3,0,0,97,6.2,35
2026-08-12 00:00:00,EMP-1038,Engineering,1.3,0,0,138,6.2,32
2026-08-12 00:00:00,EMP-1039,Product,2.3,0,0,45,7.2,35
2026-08-12 00:00:00,EMP-1040,Sales,0.8,0,0,59,6.4,26
2026-08-12 00:00:00,EMP-1041,Customer Success,2.4,0,0,72,6.5,39
2026-08-12 00:00:00,EMP-1042,HR,0.3,0,0,80,7.2,15
2026-08-12 00:00:00,EMP-1043,Finance,2.8,0,0,83,5.7,50
2026-08-12 00:00:00,EMP-1044,Engineering,0.2,0,0,109,4.8,36
2026-08-12 00:00:00,EMP-1045,Product,1.7,0,0,96,6.2,35
2026-08-12 00:00:00,EMP-1046,Sales,0.6,0,0,82,8.1,13
2026-08-12 00:00:00,EMP-1047,Customer Success,4.7,0,0,86,8.3,47
2026-08-12 00:00:00,EMP-1048,HR,0,0,0,52,5.1,29
2026-08-12 00:00:00,EMP-1049,Finance,0.7,0,0,107,8.1,19
2026-08-12 00:00:00,EMP-1050,Engineering,1,0,0,96,5.5,36
2026-08-12 00:00:00,EMP-1051,Product,0,0,0,95,8.1,12
2026-08-12 00:00:00,EMP-1052,Sales,0,0,0,88,5.8,26
2026-08-12 00:00:00,EMP-1053,Customer Success,0.2,0,0,60,8.3,10
2026-08-12 00:00:00,EMP-1054,HR,1,0,0,66,4.5,41
2026-08-12 00:00:00,EMP-1055,Finance,0.4,0,0,107,7.4,21
2026-08-12 00:00:00,EMP-1056,Engineering,1,0,0,100,4.8,35
2026-08-12 00:00:00,EMP-1057,Product,0.8,0,0,50,7.3,21
2026-08-12 00:00:00,EMP-1058,Sales,0,0,0,62,8.1,13
2026-08-12 00:00:00,EMP-1059,Customer Success,0,8,0,0,7.4,14
2026-08-12 00:00:00,EMP-1060,HR,2.1,0,0,97,7.3,32
2026-08-12 00:00:00,EMP-1061,Finance,1.6,0,0,120,7.3,29
2026-08-12 00:00:00,EMP-1062,Engineering,0.8,0,0,101,7.4,18
2026-08-12 00:00:00,EMP-1063,Product,0.9,0,0,56,7.2,27
2026-08-12 00:00:00,EMP-1064,Sales,0.7,0,0,108,6.4,25
2026-08-12 00:00:00,EMP-1065,Customer Success,1.3,0,0,60,7.2,26
2026-08-12 00:00:00,EMP-1066,HR,1.8,0,0,117,7.3,31
2026-08-12 00:00:00,EMP-1067,Finance,0.7,0,0,90,8.5,10
2026-08-12 00:00:00,EMP-1068,Engineering,2.1,0,0,135,5.9,38
2026-08-12 00:00:00,EMP-1069,Product,0.9,0,0,83,7.6,17
2026-08-12 00:00:00,EMP-1070,Sales,0.2,0,0,82,6,23
2026-08-12 00:00:00,EMP-1071,Customer Success,1.2,0,0,126,6,29
2026-08-12 00:00:00,EMP-1072,HR,0,0,0,80,6.7,23
2026-08-12 00:00:00,EMP-1073,Finance,0,0,0,84,6.6,24
2026-08-12 00:00:00,EMP-1074,Engineering,1.5,0,0,152,7.4,25
2026-08-12 00:00:00,EMP-1075,Product,0,0,0,108,8,13
2026-08-12 00:00:00,EMP-1076,Sales,0.3,0,0,79,8,12
2026-08-12 00:00:00,EMP-1077,Customer Success,1.3,0,0,142,8,22
2026-08-12 00:00:00,EMP-1078,HR,0,0,0,80,5.8,27
2026-08-12 00:00:00,EMP-1079,Finance,2.7,0,0,123,5.6,47
2026-08-12 00:00:00,EMP-1080,Engineering,0.4,0,0,121,7.6,13
2026-08-12 00:00:00,EMP-1081,Product,2.4,0,0,127,5.6,43
2026-08-12 00:00:00,EMP-1082,Sales,2.2,0,0,106,7.2,30
2026-08-12 00:00:00,EMP-1083,Customer Success,1.1,0,0,68,6.9,29
2026-08-12 00:00:00,EMP-1084,HR,1,0,0,80,7.9,17
2026-08-12 00:00:00,EMP-1085,Finance,0,0,0,104,7,16
2026-08-12 00:00:00,EMP-1086,Engineering,0,0,1,0,4.7,49
2026-08-12 00:00:00,EMP-1087,Product,3.5,0,0,53,7,49
2026-08-12 00:00:00,EMP-1088,Sales,0,0,0,92,6.6,19
2026-08-12 00:00:00,EMP-1089,Customer Success,0.3,0,0,101,8.9,10
2026-08-12 00:00:00,EMP-1090,HR,0,0,0,60,7,16
2026-08-12 00:00:00,EMP-1091,Finance,3,0,0,123,6.4,43
2026-08-12 00:00:00,EMP-1092,Engineering,0.1,0,0,136,6.9,23
2026-08-12 00:00:00,EMP-1093,Product,0,0,0,43,7.1,14
2026-08-12 00:00:00,EMP-1094,Sales,2.2,0,0,102,6.4,37
2026-08-12 00:00:00,EMP-1095,Customer Success,0.5,0,0,77,6.8,24
2026-08-12 00:00:00,EMP-1096,HR,1.3,0,0,54,4.8,38
2026-08-12 00:00:00,EMP-1097,Finance,1,0,0,66,7.3,20
2026-08-12 00:00:00,EMP-1098,Engineering,2.5,0,0,83,5.4,49
2026-08-12 00:00:00,EMP-1099,Product,0,0,0,114,6,20
2026-08-12 00:00:00,EMP-1100,Sales,0,0,0,64,8.3,13
2026-08-13 00:00:00,EMP-1001,Finance,0.4,0,0,119,4.2,37
2026-08-13 00:00:00,EMP-1002,Engineering,0,0,0,135,6.9,20
2026-08-13 00:00:00,EMP-1003,Product,0.3,0,0,115,7,19
2026-08-13 00:00:00,EMP-1004,Sales,2.4,0,0,81,6.9,36
2026-08-13 00:00:00,EMP-1005,Customer Success,2.2,0,0,75,8.4,31
2026-08-13 00:00:00,EMP-1006,HR,0.1,0,0,61,6.8,19
2026-08-13 00:00:00,EMP-1007,Finance,2.6,0,0,89,6.4,39
2026-08-13 00:00:00,EMP-1008,Engineering,1.4,0,0,122,7.5,26
2026-08-13 00:00:00,EMP-1009,Product,0.1,0,0,73,7.2,14
2026-08-13 00:00:00,EMP-1010,Sales,1.2,0,0,65,5.4,35
2026-08-13 00:00:00,EMP-1011,Customer Success,2.2,0,0,85,6.5,37
2026-08-13 00:00:00,EMP-1012,HR,0,0,0,86,8.5,10
2026-08-13 00:00:00,EMP-1013,Finance,0.8,0,0,80,6.3,24
2026-08-13 00:00:00,EMP-1014,Engineering,0.6,0,0,127,7.8,15
2026-08-13 00:00:00,EMP-1015,Product,0.4,0,0,75,6.5,23
2026-08-13 00:00:00,EMP-1016,Sales,0.9,0,0,54,6.1,31
2026-08-13 00:00:00,EMP-1017,Customer Success,1.7,0,0,57,6.5,38
2026-08-13 00:00:00,EMP-1018,HR,0.3,0,0,31,6.6,18
2026-08-13 00:00:00,EMP-1019,Finance,1,0,0,105,7.5,18
2026-08-13 00:00:00,EMP-1020,Engineering,0,8,0,0,7.4,17
2026-08-13 00:00:00,EMP-1021,Product,1.1,0,0,26,5.4,39
2026-08-13 00:00:00,EMP-1022,Sales,1.7,0,0,66,7,27
2026-08-13 00:00:00,EMP-1023,Customer Success,0.7,0,0,82,6.6,29
2026-08-13 00:00:00,EMP-1024,HR,0,0,0,115,7.4,19
2026-08-13 00:00:00,EMP-1025,Finance,0.8,0,0,87,7.2,26
2026-08-13 00:00:00,EMP-1026,Engineering,2.1,0,0,143,5,42
2026-08-13 00:00:00,EMP-1027,Product,1.3,0,0,65,7.8,23
2026-08-13 00:00:00,EMP-1028,Sales,0,0,0,62,8.2,14
2026-08-13 00:00:00,EMP-1029,Customer Success,3.3,0,0,94,6.6,47
2026-08-13 00:00:00,EMP-1030,HR,0.8,0,0,83,6.7,25
2026-08-13 00:00:00,EMP-1031,Finance,0,0,0,84,5.7,21
2026-08-13 00:00:00,EMP-1032,Engineering,1,0,0,102,7,21
2026-08-13 00:00:00,EMP-1033,Product,0,0,0,126,6.3,23
2026-08-13 00:00:00,EMP-1034,Sales,0,0,0,124,6.9,22
2026-08-13 00:00:00,EMP-1035,Customer Success,2.1,0,0,73,4.8,44
2026-08-13 00:00:00,EMP-1036,HR,1,0,0,126,5.9,28
2026-08-13 00:00:00,EMP-1037,Finance,1.5,0,0,121,8.4,18
2026-08-13 00:00:00,EMP-1038,Engineering,2.6,0,0,128,7.5,33
2026-08-13 00:00:00,EMP-1039,Product,1.3,0,0,88,6.3,32
2026-08-13 00:00:00,EMP-1040,Sales,1.5,0,0,64,6.8,28
2026-08-13 00:00:00,EMP-1041,Customer Success,3.9,0,0,69,7.5,41
2026-08-13 00:00:00,EMP-1042,HR,0.9,0,0,78,7.2,21
2026-08-13 00:00:00,EMP-1043,Finance,1,0,0,106,7.4,21
2026-08-13 00:00:00,EMP-1044,Engineering,0,0,0,106,7.1,12
2026-08-13 00:00:00,EMP-1045,Product,0,0,0,102,8.2,10
2026-08-13 00:00:00,EMP-1046,Sales,0,0,1,0,6.5,38
2026-08-13 00:00:00,EMP-1047,Customer Success,0.6,0,0,108,7.9,15
2026-08-13 00:00:00,EMP-1048,HR,0,0,0,54,6.9,20
2026-08-13 00:00:00,EMP-1049,Finance,0,0,0,69,10,10
2026-08-13 00:00:00,EMP-1050,Engineering,2.2,0,0,98,7,33
2026-08-13 00:00:00,EMP-1051,Product,2.2,0,0,77,6.1,45
2026-08-13 00:00:00,EMP-1052,Sales,1.5,0,0,97,6.4,34
2026-08-13 00:00:00,EMP-1053,Customer Success,2.2,0,0,101,6.9,40
2026-08-13 00:00:00,EMP-1054,HR,1.5,0,0,110,7.3,31
2026-08-13 00:00:00,EMP-1055,Finance,0,0,0,135,7.9,14
2026-08-13 00:00:00,EMP-1056,Engineering,0,0,0,133,4.2,38
2026-08-13 00:00:00,EMP-1057,Product,0,0,0,118,8.5,11
2026-08-13 00:00:00,EMP-1058,Sales,0.9,0,0,98,7.8,15
2026-08-13 00:00:00,EMP-1059,Customer Success,1.6,0,0,80,4.8,46
2026-08-13 00:00:00,EMP-1060,HR,0,0,0,69,6.2,17
2026-08-13 00:00:00,EMP-1061,Finance,1.7,0,0,94,5,41
2026-08-13 00:00:00,EMP-1062,Engineering,1.4,0,0,105,7.2,22
2026-08-13 00:00:00,EMP-1063,Product,0,8,0,0,8.2,12
2026-08-13 00:00:00,EMP-1064,Sales,2.5,0,0,84,5.5,42
2026-08-13 00:00:00,EMP-1065,Customer Success,0,0,0,15,8.4,11
2026-08-13 00:00:00,EMP-1066,HR,0.8,0,0,62,6.9,29
2026-08-13 00:00:00,EMP-1067,Finance,1.4,0,0,102,3.6,48
2026-08-13 00:00:00,EMP-1068,Engineering,0.5,0,0,126,7.9,12
2026-08-13 00:00:00,EMP-1069,Product,0,8,0,0,7.2,17
2026-08-13 00:00:00,EMP-1070,Sales,0.9,0,0,76,8.8,16
2026-08-13 00:00:00,EMP-1071,Customer Success,2.1,0,0,148,7.7,32
2026-08-13 00:00:00,EMP-1072,HR,1.2,0,0,55,6.3,29
2026-08-13 00:00:00,EMP-1073,Finance,1.3,0,0,93,6.5,26
2026-08-13 00:00:00,EMP-1074,Engineering,2,0,0,102,8.4,28
2026-08-13 00:00:00,EMP-1075,Product,0.9,0,0,42,7.9,17
2026-08-13 00:00:00,EMP-1076,Sales,1.1,0,0,91,6.2,27
2026-08-13 00:00:00,EMP-1077,Customer Success,1.4,0,0,83,7.9,22
2026-08-13 00:00:00,EMP-1078,HR,0.7,0,0,106,5.8,25
2026-08-13 00:00:00,EMP-1079,Finance,0.1,0,0,108,6.5,17
2026-08-13 00:00:00,EMP-1080,Engineering,2.9,0,0,118,7.8,39
2026-08-13 00:00:00,EMP-1081,Product,0,0,0,120,7.4,12
2026-08-13 00:00:00,EMP-1082,Sales,0.4,0,0,75,7.7,17
2026-08-13 00:00:00,EMP-1083,Customer Success,0.7,0,0,90,7.7,16
2026-08-13 00:00:00,EMP-1084,HR,0,0,0,121,7,13
2026-08-13 00:00:00,EMP-1085,Finance,1.1,0,0,53,8.5,16
2026-08-13 00:00:00,EMP-1086,Engineering,0,8,0,0,4.6,29
2026-08-13 00:00:00,EMP-1087,Product,0.4,0,0,77,5.5,25
2026-08-13 00:00:00,EMP-1088,Sales,1.5,0,0,91,8.7,19
2026-08-13 00:00:00,EMP-1089,Customer Success,2.2,0,0,74,5.1,43
2026-08-13 00:00:00,EMP-1090,HR,0.8,0,0,120,6.6,23
2026-08-13 00:00:00,EMP-1091,Finance,0,0,0,103,7.1,14
2026-08-13 00:00:00,EMP-1092,Engineering,0.5,0,0,140,7.8,18
2026-08-13 00:00:00,EMP-1093,Product,0,0,0,72,6.9,18
2026-08-13 00:00:00,EMP-1094,Sales,0.1,0,0,131,8,10
2026-08-13 00:00:00,EMP-1095,Customer Success,0.4,0,0,126,9.2,10
2026-08-13 00:00:00,EMP-1096,HR,1.6,0,0,57,6.5,30
2026-08-13 00:00:00,EMP-1097,Finance,0.7,0,0,94,6,31
2026-08-13 00:00:00,EMP-1098,Engineering,3.8,0,0,153,9.4,30
2026-08-13 00:00:00,EMP-1099,Product,0.4,0,0,66,7.8,16
2026-08-13 00:00:00,EMP-1100,Sales,0,0,0,55,7.3,19
